"year","category","catalog_url","source_url","local_file","status","sha256"
"2009","desempeno","https://mem.gob.do/category/sector-electrico/informe-de-desempeno/2009/","https://mem.gob.do/wp-content/uploads/2021/09/02-Febrero-2009.pdf","mem_desempeno_2009_02-Febrero-2009.pdf","existing","D0F6E176C544EBB4836949C82EA4D45D601BAA133DC8F5F989C0E857200F8754"
"2009","desempeno","https://mem.gob.do/category/sector-electrico/informe-de-desempeno/2009/","https://mem.gob.do/wp-content/uploads/2021/09/03-Marzo-2009.pdf","mem_desempeno_2009_03-Marzo-2009.pdf","existing","E74FCD5D23752F63123EE76CC3CB6E8F9B6E93960790D6FB6FEA12DB5CFB7E16"
"2009","desempeno","https://mem.gob.do/category/sector-electrico/informe-de-desempeno/2009/","https://mem.gob.do/wp-content/uploads/2021/09/04-Abril-2009.pdf","mem_desempeno_2009_04-Abril-2009.pdf","existing","C1D38E0B821DB542B47B5628CD724AE16B5B69F82A606DDF02909D1A291FFCC5"
"2009","desempeno","https://mem.gob.do/category/sector-electrico/informe-de-desempeno/2009/","https://mem.gob.do/wp-content/uploads/2021/09/06-Junio-2009-1.pdf","mem_desempeno_2009_06-Junio-2009-1.pdf","existing","4628B343FB545BFD0248277CE01BC6FA29E061D61D13DD1F38124C5885FB0D86"
"2009","desempeno","https://mem.gob.do/category/sector-electrico/informe-de-desempeno/2009/","https://mem.gob.do/wp-content/uploads/2021/09/07-Julio-2009.pdf","mem_desempeno_2009_07-Julio-2009.pdf","existing","5B52A77B402D7BCC128E90ACBF3C127E7957C90180A0DE2F78738B47EAB3FD29"
"2009","desempeno","https://mem.gob.do/category/sector-electrico/informe-de-desempeno/2009/","https://mem.gob.do/wp-content/uploads/2021/09/08-Agosto-2009.pdf","mem_desempeno_2009_08-Agosto-2009.pdf","existing","58E55677CE0CFE3292DBB3065FD81AFEE644A3D9C54BD95706E3B64F34E3244A"
"2009","desempeno","https://mem.gob.do/category/sector-electrico/informe-de-desempeno/2009/","https://mem.gob.do/wp-content/uploads/2021/09/11-Noviembre-2009.pdf","mem_desempeno_2009_11-Noviembre-2009.pdf","existing","1FB8C581119300BFB6E88A13984295FD7941CB6010A7533E0BA7EA4AFD7ABFB3"
"2009","desempeno","https://mem.gob.do/category/sector-electrico/informe-de-desempeno/2009/","https://mem.gob.do/wp-content/uploads/2021/09/12-Diciembre-2009.pdf","mem_desempeno_2009_12-Diciembre-2009.pdf","existing","546A03B9870FF111E45D390E8E1948A5D551FE37E67189BBD1B4C45E56CFBA23"
"2015","desempeno","https://mem.gob.do/category/sector-electrico/informe-de-desempeno/2015/","https://mem.gob.do/wp-content/uploads/2021/09/Informe-de-GestiA³n-Comercial-Dic15-Portal.pdf","mem_desempeno_2015_Informe-de-GestiA_C2_B3n-Comercial-Dic15-Portal.pdf","existing","B5DADA31947AF3DABE50839537029906AAABD770940BE3124D24906EE13A8DB7"
"2016","desempeno","https://mem.gob.do/category/sector-electrico/informe-de-desempeno/2016/","https://mem.gob.do/wp-content/uploads/2021/09/Informe-de-Gestion-Comercial-Dic.-2016-Portal.pdf","mem_desempeno_2016_Informe-de-Gestion-Comercial-Dic.-2016-Portal.pdf","existing","092230944A8FD8798C7F352DA1C223BFC4E036C4629965F5B9B5FE1A325DE683"
"2017","desempeno","https://mem.gob.do/category/sector-electrico/informe-de-desempeno/2017/","https://mem.gob.do/wp-content/uploads/2021/09/Informe-de-GestiA³n-Comercial-Diciembre-2017-.-1.pdf","mem_desempeno_2017_Informe-de-GestiA_C2_B3n-Comercial-Diciembre-2017-.-1.pdf","existing","6B1113B53928B9752A20B57352A9111CDE318B05D174ACA9D7F5DEE77A50135E"
"2018","desempeno","https://mem.gob.do/category/sector-electrico/informe-de-desempeno/2018/","https://mem.gob.do/wp-content/uploads/2021/09/Informe-de-GestiA³n-Comercial-Diciembre-2018.pdf","mem_desempeno_2018_Informe-de-GestiA_C2_B3n-Comercial-Diciembre-2018.pdf","existing","113545FF4576A69659B558A3A4DDB974C09092F451B526AC305494D1967C7C7A"
"2018","desempeno","https://mem.gob.do/category/sector-electrico/informe-de-desempeno/2018/","https://mem.gob.do/wp-content/uploads/2021/09/Informe-de-GestiA³n-Comercial-Noviembre-2018-Portal.pdf","mem_desempeno_2018_Informe-de-GestiA_C2_B3n-Comercial-Noviembre-2018-Portal.pdf","existing","28FEFF053E64B89234E084E48F31F63B2CD154288FB3131E9415A3856983CEDD"
"2018","desempeno","https://mem.gob.do/category/sector-electrico/informe-de-desempeno/2018/","https://mem.gob.do/wp-content/uploads/2021/09/Informe-de-GestiA³n-Comercial-Octubre-2018-Portal.pdf","mem_desempeno_2018_Informe-de-GestiA_C2_B3n-Comercial-Octubre-2018-Portal.pdf","existing","0CCCE38EDE36E1BA8E31C26023B3E5A44BD5CFA48D864760BE98693ECE13B92F"
"2019","desempeno","https://mem.gob.do/category/sector-electrico/informe-de-desempeno/2019/","https://mem.gob.do/wp-content/uploads/2021/09/Informe-de-GestiA³n-Comercial-Abril-2019-Portal.pdf","mem_desempeno_2019_Informe-de-GestiA_C2_B3n-Comercial-Abril-2019-Portal.pdf","existing","B86D20D099BBB47A6099CA821D992AB07513442BF9A2F1372C8E11F6B5C18E99"
"2019","desempeno","https://mem.gob.do/category/sector-electrico/informe-de-desempeno/2019/","https://mem.gob.do/wp-content/uploads/2021/09/Informe-de-GestiA³n-Comercial-Enero-2019-Portal.pdf","mem_desempeno_2019_Informe-de-GestiA_C2_B3n-Comercial-Enero-2019-Portal.pdf","existing","61F86152CFAAD940C73908E2EFCDC7157B34AE989F748CA5487DD72DC2FD45F0"
"2019","desempeno","https://mem.gob.do/category/sector-electrico/informe-de-desempeno/2019/","https://mem.gob.do/wp-content/uploads/2021/09/Informe-de-GestiA³n-Comercial-Febrero-2019-Portal.pdf","mem_desempeno_2019_Informe-de-GestiA_C2_B3n-Comercial-Febrero-2019-Portal.pdf","existing","77A18AA4346A5F62827278B35FA94AF5BC65425606B52A86639F2C25E45DD6DA"
"2019","desempeno","https://mem.gob.do/category/sector-electrico/informe-de-desempeno/2019/","https://mem.gob.do/wp-content/uploads/2021/09/Informe-de-GestiA³n-Comercial-Julio-2019-Portal.pdf","mem_desempeno_2019_Informe-de-GestiA_C2_B3n-Comercial-Julio-2019-Portal.pdf","existing","B2D1929B09A414EDC29B57A39EDC3C5DA0CB6511F8672044C8F55182565D486A"
"2019","desempeno","https://mem.gob.do/category/sector-electrico/informe-de-desempeno/2019/","https://mem.gob.do/wp-content/uploads/2021/09/Informe-de-GestiA³n-Comercial-Junio-2019-Portal.pdf","mem_desempeno_2019_Informe-de-GestiA_C2_B3n-Comercial-Junio-2019-Portal.pdf","existing","AC797188F40296D91EEC835AFD31270AA2F9481C34E4710B6FBA0CD64048BC1B"
"2019","desempeno","https://mem.gob.do/category/sector-electrico/informe-de-desempeno/2019/","https://mem.gob.do/wp-content/uploads/2021/09/Informe-de-GestiA³n-Comercial-Marzo-2019-Portal.pdf","mem_desempeno_2019_Informe-de-GestiA_C2_B3n-Comercial-Marzo-2019-Portal.pdf","existing","8446497AD920C50FAC9B804A06AE05EE500E6248DABD8D687258A4CF5AB71E0A"
"2019","desempeno","https://mem.gob.do/category/sector-electrico/informe-de-desempeno/2019/","https://mem.gob.do/wp-content/uploads/2021/09/Informe-de-GestiA³n-Comercial-Septiembre-2019-Portal.pdf","mem_desempeno_2019_Informe-de-GestiA_C2_B3n-Comercial-Septiembre-2019-Portal.pdf","existing","49BF5BDABE3FDCC1C6EC37BDD0A303085D422EB9F5BBF2B5B16E5908AF3EA929"
"2019","desempeno","https://mem.gob.do/category/sector-electrico/informe-de-desempeno/2019/","https://mem.gob.do/wp-content/uploads/2021/09/Informe-de-Gestion-Comercial-Agosto-2019.pdf","mem_desempeno_2019_Informe-de-Gestion-Comercial-Agosto-2019.pdf","existing","BB5F008CDEE39BB8184BC51776CB31DDB1ECB3C453DB3D94CCB6B0964FCBC9D1"
"2019","desempeno","https://mem.gob.do/category/sector-electrico/informe-de-desempeno/2019/","https://mem.gob.do/wp-content/uploads/2021/09/Informe-de-Gestion-Comercial-Mayo-2019.pdf","mem_desempeno_2019_Informe-de-Gestion-Comercial-Mayo-2019.pdf","existing","AA534CEA6937C546545A8C02A3DF6C28FB61FDADFBD9CF12B1A3FBA1D5FF77CF"
"2019","desempeno","https://mem.gob.do/category/sector-electrico/informe-de-desempeno/2019/","https://mem.gob.do/wp-content/uploads/2021/09/Informe-de-Gestion-Comercial-Noviembre-2019-Portal.pdf","mem_desempeno_2019_Informe-de-Gestion-Comercial-Noviembre-2019-Portal.pdf","existing","8AF4DC4DD1D070B734C730FE397D51B46D891FA2E57B119FF4431A224FB78DA4"
"2019","desempeno","https://mem.gob.do/category/sector-electrico/informe-de-desempeno/2019/","https://mem.gob.do/wp-content/uploads/2021/09/Informe-de-Gestion-Comercial-Octubre-2019-Portal.pdf","mem_desempeno_2019_Informe-de-Gestion-Comercial-Octubre-2019-Portal.pdf","existing","468897A13D18C31D1667CB4651614258151A4807D64F65C7B7DB0589235D0888"
"2020","desempeno","https://mem.gob.do/category/sector-electrico/informe-de-desempeno/2020/","https://mem.gob.do/wp-content/uploads/2021/09/Informe-de-GestiA³n-Comercial-Enero-2020-Portal.pdf","mem_desempeno_2020_Informe-de-GestiA_C2_B3n-Comercial-Enero-2020-Portal.pdf","existing","3AA1750174091281F885DAAF27EDE9DB8B2BC4656A10FB7CCC3B0F62D73276FC"
"2020","desempeno","https://mem.gob.do/category/sector-electrico/informe-de-desempeno/2020/","https://mem.gob.do/wp-content/uploads/2021/09/Informe-de-GestiA³n-Comercial-Febrero-2020-Portal-1.pdf","mem_desempeno_2020_Informe-de-GestiA_C2_B3n-Comercial-Febrero-2020-Portal-1.pdf","existing","34D79DABEAD96AFC7ED55D9B67E56FFEF77407E413097FFFED474B790AC68FF1"
"2020","desempeno","https://mem.gob.do/category/sector-electrico/informe-de-desempeno/2020/","https://mem.gob.do/wp-content/uploads/2021/09/Informe-de-GestiA³n-Comercial-Marzo-2020-Portal.pdf","mem_desempeno_2020_Informe-de-GestiA_C2_B3n-Comercial-Marzo-2020-Portal.pdf","existing","5432FC6B28D793611AC23499A93BC81B458521FFC34902B9A0D77626E4AD1DA1"
"2020","desempeno","https://mem.gob.do/category/sector-electrico/informe-de-desempeno/2020/","https://mem.gob.do/wp-content/uploads/2021/09/Informe-de-Gestion-Comercial-Abril-2020-Portal.pdf","mem_desempeno_2020_Informe-de-Gestion-Comercial-Abril-2020-Portal.pdf","existing","81BEA97C095AE9EF47F89615D87F1E86D7168C56B71E57A6B092D19E2DFF561C"
"2020","desempeno","https://mem.gob.do/category/sector-electrico/informe-de-desempeno/2020/","https://mem.gob.do/wp-content/uploads/2021/09/Informe-de-Gestion-Comercial-Agosto-2020-Portal.pdf","mem_desempeno_2020_Informe-de-Gestion-Comercial-Agosto-2020-Portal.pdf","existing","353CC1F51D9FF745BECAD37796D1F4CB6FB5303D814B79EC2D173510C44A6E24"
"2020","desempeno","https://mem.gob.do/category/sector-electrico/informe-de-desempeno/2020/","https://mem.gob.do/wp-content/uploads/2021/09/Informe-de-Gestion-Comercial-Diciembre-2020-Portal.pdf","mem_desempeno_2020_Informe-de-Gestion-Comercial-Diciembre-2020-Portal.pdf","existing","FF6F73AFFE109FFC7318F075965AE316BFB43921EC412AD7AF863673B741081D"
"2020","desempeno","https://mem.gob.do/category/sector-electrico/informe-de-desempeno/2020/","https://mem.gob.do/wp-content/uploads/2021/09/Informe-de-Gestion-Comercial-Julio-2020-Portal.pdf","mem_desempeno_2020_Informe-de-Gestion-Comercial-Julio-2020-Portal.pdf","existing","22BB3AC8DEF55D5B9055E53CE2F3786FF994D180B4BC4DEBD2BB118CFA80C7BF"
"2020","desempeno","https://mem.gob.do/category/sector-electrico/informe-de-desempeno/2020/","https://mem.gob.do/wp-content/uploads/2021/09/Informe-de-Gestion-Comercial-Junio-2020-Portal.pdf","mem_desempeno_2020_Informe-de-Gestion-Comercial-Junio-2020-Portal.pdf","existing","FFEE7AF655BB5AA4FDAAC70679E938DF50AEC50700404A101C4278BFACE4D785"
"2020","desempeno","https://mem.gob.do/category/sector-electrico/informe-de-desempeno/2020/","https://mem.gob.do/wp-content/uploads/2021/09/Informe-de-Gestion-Comercial-Mayo-2020-Portal_2.pdf","mem_desempeno_2020_Informe-de-Gestion-Comercial-Mayo-2020-Portal_2.pdf","existing","29CD89ECAFFE96D818937C431933444653D141F5F8D070169E2936C8E8C94701"
"2020","desempeno","https://mem.gob.do/category/sector-electrico/informe-de-desempeno/2020/","https://mem.gob.do/wp-content/uploads/2021/09/Informe-de-Gestion-Comercial-Octubre-2020-Portal.pdf","mem_desempeno_2020_Informe-de-Gestion-Comercial-Octubre-2020-Portal.pdf","existing","C0055ADF2D589E8C7E037E9562B376C07E7277AE257316F871C5445EF7D5F043"
"2020","desempeno","https://mem.gob.do/category/sector-electrico/informe-de-desempeno/2020/","https://mem.gob.do/wp-content/uploads/2021/09/Informe-de-Gestion-Comercial-Septiembre-2020-Portal.pdf","mem_desempeno_2020_Informe-de-Gestion-Comercial-Septiembre-2020-Portal.pdf","existing","A9B29E805B68293AFB40B192EDFF172709E7F87E12407C5EE57A005937423814"
"2021","desempeno","https://mem.gob.do/category/sector-electrico/informe-de-desempeno/2021/","https://mem.gob.do/wp-content/uploads/2021/09/Informe-de-Gestion-Comercial-Abril-2021-Portal...pdf","mem_desempeno_2021_Informe-de-Gestion-Comercial-Abril-2021-Portal...pdf","existing","46358FC9B233FF87B54769E3A8964B4745A88DA119E7050DD857DB6CBD34B85B"
"2021","desempeno","https://mem.gob.do/category/sector-electrico/informe-de-desempeno/2021/","https://mem.gob.do/wp-content/uploads/2021/11/Informe-de-Gestion-Comercial-Agosto-2021-Portal.pdf","mem_desempeno_2021_Informe-de-Gestion-Comercial-Agosto-2021-Portal.pdf","existing","85555888D03C18A7083F4C689BF714035036B5CF14F0706BF68B4393D8282915"
"2021","desempeno","https://mem.gob.do/category/sector-electrico/informe-de-desempeno/2021/","https://mem.gob.do/wp-content/uploads/2022/02/Informe-de-Gestion-Comercial-Diciembre-2021-Portal.pdf","mem_desempeno_2021_Informe-de-Gestion-Comercial-Diciembre-2021-Portal.pdf","existing","B3D57D802B51C0B60571C9E7C4AF3CC0AAA21AD204DF913884ACC8FAF34E26F1"
"2021","desempeno","https://mem.gob.do/category/sector-electrico/informe-de-desempeno/2021/","https://mem.gob.do/wp-content/uploads/2021/09/Informe-de-Gestion-Comercial-Enero-2021-Portal.pdf","mem_desempeno_2021_Informe-de-Gestion-Comercial-Enero-2021-Portal.pdf","existing","7CC37162E9424058E920C4C83FD8F4368EE98BAC8AC8DD3CE53595AE00075BBA"
"2021","desempeno","https://mem.gob.do/category/sector-electrico/informe-de-desempeno/2021/","https://mem.gob.do/wp-content/uploads/2021/09/Informe-de-Gestion-Comercial-Febrero-2021-Portal.pdf","mem_desempeno_2021_Informe-de-Gestion-Comercial-Febrero-2021-Portal.pdf","existing","3777376C9CBFDFE5CF1233BBF859B4ECAA04468576DDB074CB1C13C67E2E389E"
"2021","desempeno","https://mem.gob.do/category/sector-electrico/informe-de-desempeno/2021/","https://mem.gob.do/wp-content/uploads/2021/09/Informe-de-Gestion-Comercial-Julio-2021-Portal.pdf","mem_desempeno_2021_Informe-de-Gestion-Comercial-Julio-2021-Portal.pdf","existing","8A8E80BD5B91C3A0F228987EE01528C56AA4AF90A4D493EF00C181A8E87D0947"
"2021","desempeno","https://mem.gob.do/category/sector-electrico/informe-de-desempeno/2021/","https://mem.gob.do/wp-content/uploads/2021/09/Informe-de-Gestion-Comercial-Junio-2021-Portal.pdf","mem_desempeno_2021_Informe-de-Gestion-Comercial-Junio-2021-Portal.pdf","existing","902FB39CC95454DA6122EB8602C957767B254447AA08C69F5753F23E038AEEE3"
"2021","desempeno","https://mem.gob.do/category/sector-electrico/informe-de-desempeno/2021/","https://mem.gob.do/wp-content/uploads/2021/09/Informe-de-Gestion-Comercial-Marzo-2021-Portal.pdf","mem_desempeno_2021_Informe-de-Gestion-Comercial-Marzo-2021-Portal.pdf","existing","F857903B5C5B93D113BBF7A2EA6226680E9785AA4205BAEC812AA24CF04A1549"
"2021","desempeno","https://mem.gob.do/category/sector-electrico/informe-de-desempeno/2021/","https://mem.gob.do/wp-content/uploads/2021/09/Informe-de-Gestion-Comercial-Mayo-2021-Portal.pdf","mem_desempeno_2021_Informe-de-Gestion-Comercial-Mayo-2021-Portal.pdf","existing","7C2B00002C66AF6ADD31C954D1D600631DA563B39B3AA64FFB9CAD6AE5FF2478"
"2021","desempeno","https://mem.gob.do/category/sector-electrico/informe-de-desempeno/2021/","https://mem.gob.do/wp-content/uploads/2022/01/Informe-de-Gestion-Comercial-NUEVO-Noviembre-2021-Portal.pdf","mem_desempeno_2021_Informe-de-Gestion-Comercial-NUEVO-Noviembre-2021-Portal.pdf","existing","9FCC6545C9F0364B5A46695A13F1571DAEEADB7E5B156813E6DC88765C8F68F0"
"2021","desempeno","https://mem.gob.do/category/sector-electrico/informe-de-desempeno/2021/","https://mem.gob.do/wp-content/uploads/2021/12/Informe-de-Gestion-Comercial-Octubre-2021-Portal.pdf","mem_desempeno_2021_Informe-de-Gestion-Comercial-Octubre-2021-Portal.pdf","existing","B9292997BB774B2887CFB3A4927AB0251774323BB31DE9A99FD30535BEFC290C"
"2021","desempeno","https://mem.gob.do/category/sector-electrico/informe-de-desempeno/2021/","https://mem.gob.do/wp-content/uploads/2021/11/Informe-de-Gestion-Comercial-Septiembre-2021-Portal.pdf","mem_desempeno_2021_Informe-de-Gestion-Comercial-Septiembre-2021-Portal.pdf","existing","153DC477696E3010521DAB165A98FB7CC26BBDFB1DD29B17463CCA5DFFC2DF36"
"2022","desempeno","https://mem.gob.do/category/sector-electrico/informe-de-desempeno/2022/","https://mem.gob.do/wp-content/uploads/2022/06/Informe-de-Gestion-Comercial-Abril-2022-Portal.pdf","mem_desempeno_2022_Informe-de-Gestion-Comercial-Abril-2022-Portal.pdf","existing","729BCABE4A2D8B17B0292848F23DA1EADBE9DB6DCD37C6AC939A44AAB10D2867"
"2022","desempeno","https://mem.gob.do/category/sector-electrico/informe-de-desempeno/2022/","https://mem.gob.do/wp-content/uploads/2023/02/Informe-de-Gestion-Comercial-Diciembre-2022-Portal.pdf","mem_desempeno_2022_Informe-de-Gestion-Comercial-Diciembre-2022-Portal.pdf","existing","EC71BA9E95FB920B428139C8E8BCAE0603201F2EB9C259C121A54B9FE7EB7A00"
"2022","desempeno","https://mem.gob.do/category/sector-electrico/informe-de-desempeno/2022/","https://mem.gob.do/wp-content/uploads/2022/03/Informe-de-Gestion-Comercial-Enero-2022-Portal.pdf","mem_desempeno_2022_Informe-de-Gestion-Comercial-Enero-2022-Portal.pdf","existing","FB4A0CD9E0E6384C0CCE4F930D9294AEDDA05F19E899A4C97D366BF20B41712F"
"2022","desempeno","https://mem.gob.do/category/sector-electrico/informe-de-desempeno/2022/","https://mem.gob.do/wp-content/uploads/2022/04/Informe-de-Gestion-Comercial-Febrero-2022-Portal.pdf","mem_desempeno_2022_Informe-de-Gestion-Comercial-Febrero-2022-Portal.pdf","existing","1437D4E7B83A438230C89EBECA5946D2D19083CDDBC8DDD92CC6DE8BE6E05CDB"
"2022","desempeno","https://mem.gob.do/category/sector-electrico/informe-de-desempeno/2022/","https://mem.gob.do/wp-content/uploads/2022/09/Informe-de-Gestion-Comercial-Juliio-2022-Portal.pdf","mem_desempeno_2022_Informe-de-Gestion-Comercial-Juliio-2022-Portal.pdf","existing","5EFDAE36F5075C50349BCEF5C86D179E932B1EA2CA8C00A1782D5861EF3B3120"
"2022","desempeno","https://mem.gob.do/category/sector-electrico/informe-de-desempeno/2022/","https://mem.gob.do/wp-content/uploads/2022/08/Informe-de-Gestion-Comercial-Juniio-2022-Portal.pdf","mem_desempeno_2022_Informe-de-Gestion-Comercial-Juniio-2022-Portal.pdf","existing","74514E1FB941375E32389157C8D4DCBB782F05635EE4654E34815B1FF12B3774"
"2022","desempeno","https://mem.gob.do/category/sector-electrico/informe-de-desempeno/2022/","https://mem.gob.do/wp-content/uploads/2022/05/Informe-de-Gestion-Comercial-Marzo-2022-Portal-1.pdf","mem_desempeno_2022_Informe-de-Gestion-Comercial-Marzo-2022-Portal-1.pdf","existing","F05B3E7C9258C9748FE6FD93036ADF2BFF7F5C3BFAB3341E2B456463033C83A0"
"2022","desempeno","https://mem.gob.do/category/sector-electrico/informe-de-desempeno/2022/","https://mem.gob.do/wp-content/uploads/2022/07/Informe-de-Gestion-Comercial-Mayo-2022-Portal.pdf","mem_desempeno_2022_Informe-de-Gestion-Comercial-Mayo-2022-Portal.pdf","existing","94C475998DD58712E63CA3A9094953B993C7D95612A87313276197332052316D"
"2022","desempeno","https://mem.gob.do/category/sector-electrico/informe-de-desempeno/2022/","https://mem.gob.do/wp-content/uploads/2023/02/Informe-de-Gestion-Comercial-Noviembre-2022-Portal.pdf","mem_desempeno_2022_Informe-de-Gestion-Comercial-Noviembre-2022-Portal.pdf","existing","D6298AF43AC60F494B03D45D62B7F384AF5E5343C6364D7831F974599AEA4323"
"2022","desempeno","https://mem.gob.do/category/sector-electrico/informe-de-desempeno/2022/","https://mem.gob.do/wp-content/uploads/2022/12/Informe-de-Gestion-Comercial-Octubre-2022-Portal.pdf","mem_desempeno_2022_Informe-de-Gestion-Comercial-Octubre-2022-Portal.pdf","existing","463959C79338CE9F6B2F4D5489EAEBB98529B0DF45BD8C640C9093024A7CA12E"
"2022","desempeno","https://mem.gob.do/category/sector-electrico/informe-de-desempeno/2022/","https://mem.gob.do/wp-content/uploads/2022/11/Informe-de-Gestion-Comercial-Septiembre-2022-Portal.pdf","mem_desempeno_2022_Informe-de-Gestion-Comercial-Septiembre-2022-Portal.pdf","existing","B970FAD60C24187A5551BBD51B278495269EBF903F404C6DE596AF541F2B0DC1"
"2022","desempeno","https://mem.gob.do/category/sector-electrico/informe-de-desempeno/2022/","https://mem.gob.do/wp-content/uploads/2022/10/Nuevo-Informe-de-Gestion-Comercial-Agosto-2022-Portal-Nuevo.pdf","mem_desempeno_2022_Nuevo-Informe-de-Gestion-Comercial-Agosto-2022-Portal-Nuevo.pdf","existing","A4EE7426ED7CAD250A997A6AFA742D6CE0551DBA69F8AC69AFCF2F41AC1943A8"
"2023","desempeno","https://mem.gob.do/category/sector-electrico/informe-de-desempeno/2023-informe-de-desempeno/","https://mem.gob.do/wp-content/uploads/2023/06/Informe-de-Desempeno-Abril-2023-Anexos._.xlsx","mem_desempeno_2023_Informe-de-Desempeno-Abril-2023-Anexos._.xlsx","existing","5944746326E17001278310F5D6C55FEBFB673433FA0AE59DC7386AEF0F9ED63C"
"2023","desempeno","https://mem.gob.do/category/sector-electrico/informe-de-desempeno/2023-informe-de-desempeno/","https://mem.gob.do/wp-content/uploads/2023/11/Informe-de-Desempeno-Agosto-2023-Anexos._.xlsx","mem_desempeno_2023_Informe-de-Desempeno-Agosto-2023-Anexos._.xlsx","existing","D6FA26F92386D05F8B6D95DE696F23F81B3C28C0246D17F8D19FF08C026B7D27"
"2023","desempeno","https://mem.gob.do/category/sector-electrico/informe-de-desempeno/2023-informe-de-desempeno/","https://mem.gob.do/wp-content/uploads/2023/06/Informe-de-Desempeno-de-las-Empresas-Electricas-Estatales-Abril-2023-.pdf","mem_desempeno_2023_Informe-de-Desempeno-de-las-Empresas-Electricas-Estatales-Abril-2023-.pdf","existing","EE3DC77943729BB8C8B19D86FAC17C8BBAD97D8902EA28E8EF4054B83F547776"
"2023","desempeno","https://mem.gob.do/category/sector-electrico/informe-de-desempeno/2023-informe-de-desempeno/","https://mem.gob.do/wp-content/uploads/2023/11/Informe-de-Desempeno-de-las-Empresas-Electricas-Estatales-Agosto-2023.pdf","mem_desempeno_2023_Informe-de-Desempeno-de-las-Empresas-Electricas-Estatales-Agosto-2023.pdf","existing","4887BD70FB972E77174454527A1167356932557BC6AD9E4DE8826F1224853FB1"
"2023","desempeno","https://mem.gob.do/category/sector-electrico/informe-de-desempeno/2023-informe-de-desempeno/","https://mem.gob.do/wp-content/uploads/2024/02/Informe-de-Desempeno-de-las-Empresas-Electricas-Estatales-Diciembre-2023-.pdf","mem_desempeno_2023_Informe-de-Desempeno-de-las-Empresas-Electricas-Estatales-Diciembre-2023-.pdf","existing","C114DB1441786C4C2CC0DE83588FFDEF5EA3C063F4953E6AD7A9C32FD7380E97"
"2023","desempeno","https://mem.gob.do/category/sector-electrico/informe-de-desempeno/2023-informe-de-desempeno/","https://mem.gob.do/wp-content/uploads/2023/08/Informe-de-Desempeno-de-las-Empresas-Electricas-Estatales-Enero-Mayo-2023-.pdf","mem_desempeno_2023_Informe-de-Desempeno-de-las-Empresas-Electricas-Estatales-Enero-Mayo-2023-.pdf","existing","CD59B1DA0EDE8340509DC4602788511C22DFFE7503B018E89A446E3B352EC0DF"
"2023","desempeno","https://mem.gob.do/category/sector-electrico/informe-de-desempeno/2023-informe-de-desempeno/","https://mem.gob.do/wp-content/uploads/2023/05/Informe-de-Desempeno-de-las-Empresas-Electricas-Estatales-Febrero-2023-.pdf","mem_desempeno_2023_Informe-de-Desempeno-de-las-Empresas-Electricas-Estatales-Febrero-2023-.pdf","existing","59D3085DA61190D102D662C34F9A1E23B074B012F26030C6C1DD9BCA44E66B88"
"2023","desempeno","https://mem.gob.do/category/sector-electrico/informe-de-desempeno/2023-informe-de-desempeno/","https://mem.gob.do/wp-content/uploads/2023/09/Informe-de-Desempeno-de-las-Empresas-Electricas-Estatales-Julio-2023.pdf","mem_desempeno_2023_Informe-de-Desempeno-de-las-Empresas-Electricas-Estatales-Julio-2023.pdf","existing","969348A1AE78BAA1CFBC6A92BD371ECF9C721E82D8E4BB0238404F4D5E80DB12"
"2023","desempeno","https://mem.gob.do/category/sector-electrico/informe-de-desempeno/2023-informe-de-desempeno/","https://mem.gob.do/wp-content/uploads/2023/09/Informe-de-Desempeno-de-las-Empresas-Electricas-Estatales-Junio-2023.pdf","mem_desempeno_2023_Informe-de-Desempeno-de-las-Empresas-Electricas-Estatales-Junio-2023.pdf","existing","49AB1D56DDCB88A411AE8C82A976B7505754ABB4EFBAD7EE3B0871016066E195"
"2023","desempeno","https://mem.gob.do/category/sector-electrico/informe-de-desempeno/2023-informe-de-desempeno/","https://mem.gob.do/wp-content/uploads/2023/05/Informe-de-Desempeno-de-las-Empresas-Electricas-Estatales-Marzo-2023-.pdf","mem_desempeno_2023_Informe-de-Desempeno-de-las-Empresas-Electricas-Estatales-Marzo-2023-.pdf","existing","4ED8B344F479A347CC3FD3D5ED9F01F8755E9D72F35CE779C144FA2CB87167A7"
"2023","desempeno","https://mem.gob.do/category/sector-electrico/informe-de-desempeno/2023-informe-de-desempeno/","https://mem.gob.do/wp-content/uploads/2024/01/Informe-de-Desempeno-de-las-Empresas-Electricas-Estatales-Noviembre-2023.pdf","mem_desempeno_2023_Informe-de-Desempeno-de-las-Empresas-Electricas-Estatales-Noviembre-2023.pdf","existing","9EB68B27775F734ACDB80EF9D66872A8903DE6FA5BDA38CFB3E16D1A421E9FB6"
"2023","desempeno","https://mem.gob.do/category/sector-electrico/informe-de-desempeno/2023-informe-de-desempeno/","https://mem.gob.do/wp-content/uploads/2024/01/Informe-de-Desempeno-de-las-Empresas-Electricas-Estatales-Octubre-2023.pdf","mem_desempeno_2023_Informe-de-Desempeno-de-las-Empresas-Electricas-Estatales-Octubre-2023.pdf","existing","2242CB7FC8F5904A476D9088D3AE084FC7CE57387CE7EEA5057D099FC1099326"
"2023","desempeno","https://mem.gob.do/category/sector-electrico/informe-de-desempeno/2023-informe-de-desempeno/","https://mem.gob.do/wp-content/uploads/2023/12/Informe-de-Desempeno-de-las-Empresas-Electricas-Estatales-Septiembre-2023-.pdf","mem_desempeno_2023_Informe-de-Desempeno-de-las-Empresas-Electricas-Estatales-Septiembre-2023-.pdf","existing","B730801FFD51632BC9F97503869F717D60B936A0BF6FDFFE738B9216684F3728"
"2023","desempeno","https://mem.gob.do/category/sector-electrico/informe-de-desempeno/2023-informe-de-desempeno/","https://mem.gob.do/wp-content/uploads/2024/02/Informe-de-Desempeno-Diciembre-2023-Anexos._.xlsx","mem_desempeno_2023_Informe-de-Desempeno-Diciembre-2023-Anexos._.xlsx","existing","D8BAC78C2C915BBC77DD6D02ABE301C742FC6F3A7FDB2D6B292352F314E561B2"
"2023","desempeno","https://mem.gob.do/category/sector-electrico/informe-de-desempeno/2023-informe-de-desempeno/","https://mem.gob.do/wp-content/uploads/2023/04/Informe-de-Desempeno-Enero-2023-.pdf","mem_desempeno_2023_Informe-de-Desempeno-Enero-2023-.pdf","existing","6A4B547F1A1658A4937C0BA9349F6E6DBCBB47DA5B00BFC02D6E463109614BF4"
"2023","desempeno","https://mem.gob.do/category/sector-electrico/informe-de-desempeno/2023-informe-de-desempeno/","https://mem.gob.do/wp-content/uploads/2023/04/Informe-de-Desempeno-Enero-2023-Anexos._-1.xlsx","mem_desempeno_2023_Informe-de-Desempeno-Enero-2023-Anexos._-1.xlsx","existing","7BF12EE7A7EADBEB9CAEDFD01583EBA39BE9E9A1747DDA7543D793E8CF6106CA"
"2023","desempeno","https://mem.gob.do/category/sector-electrico/informe-de-desempeno/2023-informe-de-desempeno/","https://mem.gob.do/wp-content/uploads/2023/08/Informe-de-Desempeno-Enero-Mayo-Anexos._.xlsx","mem_desempeno_2023_Informe-de-Desempeno-Enero-Mayo-Anexos._.xlsx","existing","7F556BCD5F072F707D6DA8EC0A39AFBB85CBF6FC2B46E423F9F7560EFD81D5E3"
"2023","desempeno","https://mem.gob.do/category/sector-electrico/informe-de-desempeno/2023-informe-de-desempeno/","https://mem.gob.do/wp-content/uploads/2023/12/Informe-de-Desempeno-enero-septiembre-2023.-Anexos._.xlsx","mem_desempeno_2023_Informe-de-Desempeno-enero-septiembre-2023.-Anexos._.xlsx","existing","DBD03F53701F6DA0520135B70FB24317B4EE840992865F923818F789C30E56AC"
"2023","desempeno","https://mem.gob.do/category/sector-electrico/informe-de-desempeno/2023-informe-de-desempeno/","https://mem.gob.do/wp-content/uploads/2023/05/Informe-de-Desempeno-Febrero-2023-Anexos._.xlsx","mem_desempeno_2023_Informe-de-Desempeno-Febrero-2023-Anexos._.xlsx","existing","BDD66ED96F793649C0C6FF29DED29F6B20A934FFA37BCF7A75E81EF339F30812"
"2023","desempeno","https://mem.gob.do/category/sector-electrico/informe-de-desempeno/2023-informe-de-desempeno/","https://mem.gob.do/wp-content/uploads/2023/09/Informe-de-Desempeno-Julio-2023-Anexos._.xlsx","mem_desempeno_2023_Informe-de-Desempeno-Julio-2023-Anexos._.xlsx","existing","59532B482834C1B3853F3B967AD2F3A749BC7D1564FA4F1D617B3752E70B7C34"
"2023","desempeno","https://mem.gob.do/category/sector-electrico/informe-de-desempeno/2023-informe-de-desempeno/","https://mem.gob.do/wp-content/uploads/2023/09/Informe-de-Desempeno-Junio-2023-Anexos._.xlsx","mem_desempeno_2023_Informe-de-Desempeno-Junio-2023-Anexos._.xlsx","existing","8370C26E7F43ED26E3BD5C2ABFED5DC4864EE77708573584BA756CD73637E9C9"
"2023","desempeno","https://mem.gob.do/category/sector-electrico/informe-de-desempeno/2023-informe-de-desempeno/","https://mem.gob.do/wp-content/uploads/2023/05/Informe-de-Desempeno-Marzo-2023-Anexos._.xlsx","mem_desempeno_2023_Informe-de-Desempeno-Marzo-2023-Anexos._.xlsx","existing","F648F8403DC2F3CC5BCB5A42E30E0FDB6A46889DE20437ECDB7F91FC55EBCBB7"
"2023","desempeno","https://mem.gob.do/category/sector-electrico/informe-de-desempeno/2023-informe-de-desempeno/","https://mem.gob.do/wp-content/uploads/2024/01/Informe-de-Desempeno-noviembre-2023-Anexos._.xlsx","mem_desempeno_2023_Informe-de-Desempeno-noviembre-2023-Anexos._.xlsx","existing","B0EA6D189BB79DFF9F27A203B50A55D8ECC747036F7D940EBEC3BB3FD336EB80"
"2023","desempeno","https://mem.gob.do/category/sector-electrico/informe-de-desempeno/2023-informe-de-desempeno/","https://mem.gob.do/wp-content/uploads/2024/01/Informe-de-Desempeno-octubre-2023-Anexos._.xlsx","mem_desempeno_2023_Informe-de-Desempeno-octubre-2023-Anexos._.xlsx","existing","CD694666FD0A51536307982C4926A6B2C73C2E1E2C43CCD3D4DC8F092D6C32BE"
"2024","desempeno","https://mem.gob.do/category/sector-electrico/informe-de-desempeno/2024-informe-de-desempeno/","https://mem.gob.do/wp-content/uploads/2024/07/Informe-de-Desempeno-Abril-2024-Anexos._.xlsx","mem_desempeno_2024_Informe-de-Desempeno-Abril-2024-Anexos._.xlsx","existing","7E03EF0232E4D805882E72D315EA27A389D7F5A4283FCDE950CAF3A8326C5393"
"2024","desempeno","https://mem.gob.do/category/sector-electrico/informe-de-desempeno/2024-informe-de-desempeno/","https://mem.gob.do/wp-content/uploads/2024/10/Informe-de-Desempeno-agosto-2024-Anexos._.xlsx","mem_desempeno_2024_Informe-de-Desempeno-agosto-2024-Anexos._.xlsx","existing","6BBE03A3DCCDB5061CCF8BD2B06034074690D951F28DB179EEA1DB8A4DC1115E"
"2024","desempeno","https://mem.gob.do/category/sector-electrico/informe-de-desempeno/2024-informe-de-desempeno/","https://mem.gob.do/wp-content/uploads/2024/07/Informe-de-Desempeno-de-las-Empresas-Electricas-Estatales-Abril-2024.pdf","mem_desempeno_2024_Informe-de-Desempeno-de-las-Empresas-Electricas-Estatales-Abril-2024.pdf","existing","C90D0EC20398D80E895B49B997EF23B74C850387233DEF9E26AF802C8EC2D2A9"
"2024","desempeno","https://mem.gob.do/category/sector-electrico/informe-de-desempeno/2024-informe-de-desempeno/","https://mem.gob.do/wp-content/uploads/2024/10/Informe-de-Desempeno-de-las-Empresas-Electricas-Estatales-EEE_-agosto-2024-.pdf","mem_desempeno_2024_Informe-de-Desempeno-de-las-Empresas-Electricas-Estatales-EEE_-agosto-2024-.pdf","existing","7ACAD0AFFADF88011F0480290409BD871C7D6AB6A5B153314E263890D91C6FE0"
"2024","desempeno","https://mem.gob.do/category/sector-electrico/informe-de-desempeno/2024-informe-de-desempeno/","https://mem.gob.do/wp-content/uploads/2025/03/Informe-de-Desempeno-de-las-Empresas-Electricas-Estatales-EEE-diciembre-2024-.pdf","mem_desempeno_2024_Informe-de-Desempeno-de-las-Empresas-Electricas-Estatales-EEE-diciembre-2024-.pdf","existing","D563396710C736B21627D22B5E5BFC95A60D489FDD677D9B74BCAE3230E55DB1"
"2024","desempeno","https://mem.gob.do/category/sector-electrico/informe-de-desempeno/2024-informe-de-desempeno/","https://mem.gob.do/wp-content/uploads/2025/02/Informe-de-Desempeno-de-las-Empresas-Electricas-Estatales-EEE-noviembre-2024.pdf","mem_desempeno_2024_Informe-de-Desempeno-de-las-Empresas-Electricas-Estatales-EEE-noviembre-2024.pdf","existing","1490F3DB1BCDDC10350E3C20E45B98633985DA1DB26988894241C6173655A006"
"2024","desempeno","https://mem.gob.do/category/sector-electrico/informe-de-desempeno/2024-informe-de-desempeno/","https://mem.gob.do/wp-content/uploads/2024/12/Informe-de-Desempeno-de-las-Empresas-Electricas-Estatales-EEE-septiembre-2024-.pdf","mem_desempeno_2024_Informe-de-Desempeno-de-las-Empresas-Electricas-Estatales-EEE-septiembre-2024-.pdf","existing","372A6F8FB9A5B9DE0054C29BAE91D5A27A3288BEA1763EBC9788F5224C77C665"
"2024","desempeno","https://mem.gob.do/category/sector-electrico/informe-de-desempeno/2024-informe-de-desempeno/","https://mem.gob.do/wp-content/uploads/2024/04/Informe-de-Desempeno-de-las-Empresas-Electricas-Estatales-Enero-2024.pdf","mem_desempeno_2024_Informe-de-Desempeno-de-las-Empresas-Electricas-Estatales-Enero-2024.pdf","existing","9228FE8D9552FBAED8C0A431B2995DF6AA7FDBCFE6600B04D0CE23342C8AA65B"
"2024","desempeno","https://mem.gob.do/category/sector-electrico/informe-de-desempeno/2024-informe-de-desempeno/","https://mem.gob.do/wp-content/uploads/2024/05/Informe-de-Desempeno-de-las-Empresas-Electricas-Estatales-Febrero-2024.pdf","mem_desempeno_2024_Informe-de-Desempeno-de-las-Empresas-Electricas-Estatales-Febrero-2024.pdf","existing","F06D9402B0D5E80A10F27A571D3966F9975FB16A7B2375E2A286F4C2261D63F4"
"2024","desempeno","https://mem.gob.do/category/sector-electrico/informe-de-desempeno/2024-informe-de-desempeno/","https://mem.gob.do/wp-content/uploads/2024/10/Informe-de-Desempeno-de-las-Empresas-Electricas-Estatales-Julio-2024.pdf","mem_desempeno_2024_Informe-de-Desempeno-de-las-Empresas-Electricas-Estatales-Julio-2024.pdf","existing","322223C934ABEE58F6D5C99708F346BB9AF169A367C5B5A6D9A39FD33837CBA4"
"2024","desempeno","https://mem.gob.do/category/sector-electrico/informe-de-desempeno/2024-informe-de-desempeno/","https://mem.gob.do/wp-content/uploads/2024/08/Informe-de-Desempeno-de-las-Empresas-Electricas-Estatales-Junio-2024.pdf","mem_desempeno_2024_Informe-de-Desempeno-de-las-Empresas-Electricas-Estatales-Junio-2024.pdf","existing","4175B224AD73B96DD3334D32C24C4834E498995DB6F9A737B76BB2C352BE7FA1"
"2024","desempeno","https://mem.gob.do/category/sector-electrico/informe-de-desempeno/2024-informe-de-desempeno/","https://mem.gob.do/wp-content/uploads/2024/08/Informe-de-Desempeno-de-las-Empresas-Electricas-Estatales-Mayo-2024.pdf","mem_desempeno_2024_Informe-de-Desempeno-de-las-Empresas-Electricas-Estatales-Mayo-2024.pdf","existing","15BFA604FB79674FBCD645D3D1D2AC2B6974AF472C6AA37ACC63AF266113D412"
"2024","desempeno","https://mem.gob.do/category/sector-electrico/informe-de-desempeno/2024-informe-de-desempeno/","https://mem.gob.do/wp-content/uploads/2025/01/Informe-de-Desempeno-de-las-Empresas-Electricas-Estatales-octubre-2024.pdf","mem_desempeno_2024_Informe-de-Desempeno-de-las-Empresas-Electricas-Estatales-octubre-2024.pdf","existing","9B2D41E4C80C27F3D98E6C88884A2956D87FA7A29AA2BD28F955B765145F6213"
"2024","desempeno","https://mem.gob.do/category/sector-electrico/informe-de-desempeno/2024-informe-de-desempeno/","https://mem.gob.do/wp-content/uploads/2025/03/Informe-de-Desempeno-diciembre-2024-Anexos._.xlsx","mem_desempeno_2024_Informe-de-Desempeno-diciembre-2024-Anexos._.xlsx","existing","6F4CB15C1FB77D5CE166DAFFE37B6D75AC58BEC32CBCC5E3828CF98CA0439CDD"
"2024","desempeno","https://mem.gob.do/category/sector-electrico/informe-de-desempeno/2024-informe-de-desempeno/","https://mem.gob.do/wp-content/uploads/2024/04/Informe-de-Desempeno-Enero24-Anexos._.xlsx","mem_desempeno_2024_Informe-de-Desempeno-Enero24-Anexos._.xlsx","existing","13506F5D346A4D0CBE26ADD1CB32DA45AC4A51E31C52646272875973398200E4"
"2024","desempeno","https://mem.gob.do/category/sector-electrico/informe-de-desempeno/2024-informe-de-desempeno/","https://mem.gob.do/wp-content/uploads/2024/05/Informe-de-Desempeno-Febrero-24-Anexos._.xlsx","mem_desempeno_2024_Informe-de-Desempeno-Febrero-24-Anexos._.xlsx","existing","79A50CD8140BBBC9F5D13750F309C3677611F27F7BACA9CE43D3ACE1F4B339FD"
"2024","desempeno","https://mem.gob.do/category/sector-electrico/informe-de-desempeno/2024-informe-de-desempeno/","https://mem.gob.do/wp-content/uploads/2024/10/Informe-de-Desempeno-julio-2024-Anexos._.xlsx","mem_desempeno_2024_Informe-de-Desempeno-julio-2024-Anexos._.xlsx","existing","9EB16ADDDE77EC5C3E227FB75840BABEAC940992C3F2401142A544C3AE2C57CC"
"2024","desempeno","https://mem.gob.do/category/sector-electrico/informe-de-desempeno/2024-informe-de-desempeno/","https://mem.gob.do/wp-content/uploads/2024/08/Informe-de-Desempeno-junio-2024-Anexos._.xlsx","mem_desempeno_2024_Informe-de-Desempeno-junio-2024-Anexos._.xlsx","existing","CC0218058162DAF193A5F7D53CD991131C59C2CA31E1B6D223EAA9E0F5A205C8"
"2024","desempeno","https://mem.gob.do/category/sector-electrico/informe-de-desempeno/2024-informe-de-desempeno/","https://mem.gob.do/wp-content/uploads/2024/05/Informe-de-Desempeno-Marzo-2024-.pdf","mem_desempeno_2024_Informe-de-Desempeno-Marzo-2024-.pdf","existing","D9126CB8968F09266EDBDAA2371BFC7FB59EA4498E223434DD24270FCC3944D8"
"2024","desempeno","https://mem.gob.do/category/sector-electrico/informe-de-desempeno/2024-informe-de-desempeno/","https://mem.gob.do/wp-content/uploads/2024/05/Informe-de-Desempeno-Marzo-2024-Anexos._.xlsx","mem_desempeno_2024_Informe-de-Desempeno-Marzo-2024-Anexos._.xlsx","existing","E73C058DFE2A57DDD5A3EBD7544AA07C3ED932FB2734906A758D1D81E58D7386"
"2024","desempeno","https://mem.gob.do/category/sector-electrico/informe-de-desempeno/2024-informe-de-desempeno/","https://mem.gob.do/wp-content/uploads/2024/08/Informe-de-Desempeno-mayo-2024-Anexos._.xlsx","mem_desempeno_2024_Informe-de-Desempeno-mayo-2024-Anexos._.xlsx","existing","AB3450C41E2CEBD4231A17A2C506F17E2E5FABECDF50ADABE3F2B3B3A32FC231"
"2024","desempeno","https://mem.gob.do/category/sector-electrico/informe-de-desempeno/2024-informe-de-desempeno/","https://mem.gob.do/wp-content/uploads/2025/02/Informe-de-Desempeno-noviembre-2024-Anexos._.xlsx","mem_desempeno_2024_Informe-de-Desempeno-noviembre-2024-Anexos._.xlsx","existing","866587B13D3494050B43357DE8D8B6C664A5B8D46C13D5928742C64B129D8B72"
"2024","desempeno","https://mem.gob.do/category/sector-electrico/informe-de-desempeno/2024-informe-de-desempeno/","https://mem.gob.do/wp-content/uploads/2025/01/Informe-de-Desempeno-octubre-2024-Anexos._.xlsx","mem_desempeno_2024_Informe-de-Desempeno-octubre-2024-Anexos._.xlsx","existing","46D862ADA16BA6889A8BE6BD75F62D519A069BF5DD9DF255C966E47ADB1A2896"
"2024","desempeno","https://mem.gob.do/category/sector-electrico/informe-de-desempeno/2024-informe-de-desempeno/","https://mem.gob.do/wp-content/uploads/2024/12/Informe-de-Desempeno-septiembre-2024-Anexos._.xlsx","mem_desempeno_2024_Informe-de-Desempeno-septiembre-2024-Anexos._.xlsx","existing","1F44DC8CE31308E367364B0588284AB4808FF1710E22FEB19595BC25071B6033"
"2025","desempeno","https://mem.gob.do/category/sector-electrico/informe-de-desempeno/2025-informe-de-desempeno/","https://mem.gob.do/wp-content/uploads/2026/02/Informe_Desempeno_EEE_diciembre_2025-.pdf","mem_desempeno_2025_Informe_Desempeno_EEE_diciembre_2025-.pdf","existing","7828CB85D8A907370FCF7DE0F554ACDEE5837C20F18C095BA893597632A8096F"
"2025","desempeno","https://mem.gob.do/category/sector-electrico/informe-de-desempeno/2025-informe-de-desempeno/","https://mem.gob.do/wp-content/uploads/2026/01/Informe_Desempeno_EEE_nov_2025.pptx.pdf","mem_desempeno_2025_Informe_Desempeno_EEE_nov_2025.pptx.pdf","existing","86DA086823BFE31EBEE81DBA0C46E77A47197CF1BA73DA9C822E71044B958C57"
"2025","desempeno","https://mem.gob.do/category/sector-electrico/informe-de-desempeno/2025-informe-de-desempeno/","https://mem.gob.do/wp-content/uploads/2025/07/Informe-de-Desempeno-abril-2025-Anexos._-1.xlsx","mem_desempeno_2025_Informe-de-Desempeno-abril-2025-Anexos._-1.xlsx","existing","D70F0F9C74CE687E43DC72AFD94588E3D3C8ACA85007FA23340B16FBDCC32C89"
"2025","desempeno","https://mem.gob.do/category/sector-electrico/informe-de-desempeno/2025-informe-de-desempeno/","https://mem.gob.do/wp-content/uploads/2025/10/Informe-de-Desempeno-agosto-2025-Anexos._.xlsx","mem_desempeno_2025_Informe-de-Desempeno-agosto-2025-Anexos._.xlsx","existing","3C32F5B050245D733CA40C8F2A9562135822007C16EDDF06AB3C3EF98A7B8118"
"2025","desempeno","https://mem.gob.do/category/sector-electrico/informe-de-desempeno/2025-informe-de-desempeno/","https://mem.gob.do/wp-content/uploads/2025/07/Informe-de-Desempeno-de-las-Empresas-Electricas-Estatales-EEE-abril-2025.pdf","mem_desempeno_2025_Informe-de-Desempeno-de-las-Empresas-Electricas-Estatales-EEE-abril-2025.pdf","existing","EA97CE07D67798C2991FB3DBCE273ED9E14063FA0348A1F9618610B4046EDB7C"
"2025","desempeno","https://mem.gob.do/category/sector-electrico/informe-de-desempeno/2025-informe-de-desempeno/","https://mem.gob.do/wp-content/uploads/2025/10/Informe-de-Desempeno-de-las-Empresas-Electricas-Estatales-EEE-agosto-2025.pdf","mem_desempeno_2025_Informe-de-Desempeno-de-las-Empresas-Electricas-Estatales-EEE-agosto-2025.pdf","existing","3AA9475A89163C88B6DDB8CE4025A34BA53BA16494FBBC0F4834A7D883E1BCA1"
"2025","desempeno","https://mem.gob.do/category/sector-electrico/informe-de-desempeno/2025-informe-de-desempeno/","https://mem.gob.do/wp-content/uploads/2025/04/Informe-de-Desempeno-de-las-Empresas-Electricas-Estatales-EEE-enero-2025.pdf","mem_desempeno_2025_Informe-de-Desempeno-de-las-Empresas-Electricas-Estatales-EEE-enero-2025.pdf","existing","34B64DA40A113D9E60FAF992C67BEB2E81459DAD8953E0B373312E42280E18D4"
"2025","desempeno","https://mem.gob.do/category/sector-electrico/informe-de-desempeno/2025-informe-de-desempeno/","https://mem.gob.do/wp-content/uploads/2025/05/Informe-de-Desempeno-de-las-Empresas-Electricas-Estatales-EEE-febrero-2025.pdf","mem_desempeno_2025_Informe-de-Desempeno-de-las-Empresas-Electricas-Estatales-EEE-febrero-2025.pdf","existing","5AC859C04872ABBE2E310E8BE1926A07E1B44B4884FC417EA3340D4C21536781"
"2025","desempeno","https://mem.gob.do/category/sector-electrico/informe-de-desempeno/2025-informe-de-desempeno/","https://mem.gob.do/wp-content/uploads/2025/09/Informe-de-Desempeno-de-las-Empresas-Electricas-Estatales-EEE-julio-2025.pdf","mem_desempeno_2025_Informe-de-Desempeno-de-las-Empresas-Electricas-Estatales-EEE-julio-2025.pdf","existing","0CEAF59FB082B0BA8485321DD088AC52320D9F762EEC9DE5FF7D5C5E944E6016"
"2025","desempeno","https://mem.gob.do/category/sector-electrico/informe-de-desempeno/2025-informe-de-desempeno/","https://mem.gob.do/wp-content/uploads/2025/09/Informe-de-Desempeno-de-las-Empresas-Electricas-Estatales-EEE-junio-2025.pdf","mem_desempeno_2025_Informe-de-Desempeno-de-las-Empresas-Electricas-Estatales-EEE-junio-2025.pdf","existing","4C45F6DCB29740CF9B21436D3857AB0D261735A5B5FE6A3C765F614CFDF1C26F"
"2025","desempeno","https://mem.gob.do/category/sector-electrico/informe-de-desempeno/2025-informe-de-desempeno/","https://mem.gob.do/wp-content/uploads/2025/06/Informe-de-Desempeno-de-las-Empresas-Electricas-Estatales-EEE-marzo-2025.pdf","mem_desempeno_2025_Informe-de-Desempeno-de-las-Empresas-Electricas-Estatales-EEE-marzo-2025.pdf","existing","8B79E87B7A6686625F5A8364E653E9CDD2108BC9D3FAA22E07B76CC97187F88B"
"2025","desempeno","https://mem.gob.do/category/sector-electrico/informe-de-desempeno/2025-informe-de-desempeno/","https://mem.gob.do/wp-content/uploads/2025/08/Informe-de-Desempeno-de-las-Empresas-Electricas-Estatales-EEE-mayo-2025.pdf","mem_desempeno_2025_Informe-de-Desempeno-de-las-Empresas-Electricas-Estatales-EEE-mayo-2025.pdf","existing","4E39E0D8AB921AF6AC322788002E548090D7D0FFAB4DD5A8C484B5D6C84C5B80"
"2025","desempeno","https://mem.gob.do/category/sector-electrico/informe-de-desempeno/2025-informe-de-desempeno/","https://mem.gob.do/wp-content/uploads/2025/11/Informe-de-Desempeno-de-las-Empresas-Electricas-Estatales-EEE-septiembre-2025.pdf","mem_desempeno_2025_Informe-de-Desempeno-de-las-Empresas-Electricas-Estatales-EEE-septiembre-2025.pdf","existing","9239D4C4C1293B33438E88AB9C849F99223668411F92C842E27BCFD71E446B89"
"2025","desempeno","https://mem.gob.do/category/sector-electrico/informe-de-desempeno/2025-informe-de-desempeno/","https://mem.gob.do/wp-content/uploads/2026/01/Informe-de-Desempeno-de-las-Empresas-Electricas-Estatales-octubre-2025.pdf","mem_desempeno_2025_Informe-de-Desempeno-de-las-Empresas-Electricas-Estatales-octubre-2025.pdf","existing","691B45142AE7B0B707A7B0BC81554F63EE1A0C642721CDEDA592FE4FD88F7DAA"
"2025","desempeno","https://mem.gob.do/category/sector-electrico/informe-de-desempeno/2025-informe-de-desempeno/","https://mem.gob.do/wp-content/uploads/2026/02/Informe-de-Desempeno-diciembre-2025-Anexos._.xlsx","mem_desempeno_2025_Informe-de-Desempeno-diciembre-2025-Anexos._.xlsx","existing","EE3217C3737DEFA1DE216EBCE86E247BD4FCA958E62908AEEA6F4C8EDB279D74"
"2025","desempeno","https://mem.gob.do/category/sector-electrico/informe-de-desempeno/2025-informe-de-desempeno/","https://mem.gob.do/wp-content/uploads/2025/04/Informe-de-Desempeno-enero-2025-Anexos._-1.xlsx","mem_desempeno_2025_Informe-de-Desempeno-enero-2025-Anexos._-1.xlsx","existing","6A818907FE78F6C85AF51B7EAF55EC323D9C9C9DF33520EBC8CAABD5EC436277"
"2025","desempeno","https://mem.gob.do/category/sector-electrico/informe-de-desempeno/2025-informe-de-desempeno/","https://mem.gob.do/wp-content/uploads/2025/05/Informe-de-Desempeno-febrero-2025-Anexos._-1.xlsx","mem_desempeno_2025_Informe-de-Desempeno-febrero-2025-Anexos._-1.xlsx","existing","6D90B041D635953A4A4CED216911814B1F706A3EC3D78A33AB424EE7C6781726"
"2025","desempeno","https://mem.gob.do/category/sector-electrico/informe-de-desempeno/2025-informe-de-desempeno/","https://mem.gob.do/wp-content/uploads/2025/09/Informe-de-Desempeno-julio-2025-Anexos._-1.xlsx","mem_desempeno_2025_Informe-de-Desempeno-julio-2025-Anexos._-1.xlsx","existing","C457A26F168C189B563C078FBDF8EE2230152AE7E6476EC48C062E43E909E93B"
"2025","desempeno","https://mem.gob.do/category/sector-electrico/informe-de-desempeno/2025-informe-de-desempeno/","https://mem.gob.do/wp-content/uploads/2025/09/Informe-de-Desempeno-junio-2025-Anexos._-1.xlsx","mem_desempeno_2025_Informe-de-Desempeno-junio-2025-Anexos._-1.xlsx","existing","BACE3C5D3CAB6F905BE5499E3360E9B13448DE3F7D165045245092C65E1951C2"
"2025","desempeno","https://mem.gob.do/category/sector-electrico/informe-de-desempeno/2025-informe-de-desempeno/","https://mem.gob.do/wp-content/uploads/2025/06/Informe-de-Desempeno-marzo-2025-Anexos._-1.xlsx","mem_desempeno_2025_Informe-de-Desempeno-marzo-2025-Anexos._-1.xlsx","existing","54C095A93B493196A84802503F43C8EC86EA65E6FD1882B6B05524664A7035A2"
"2025","desempeno","https://mem.gob.do/category/sector-electrico/informe-de-desempeno/2025-informe-de-desempeno/","https://mem.gob.do/wp-content/uploads/2025/08/Informe-de-Desempeno-mayo-2025-Anexos._-1.xlsx","mem_desempeno_2025_Informe-de-Desempeno-mayo-2025-Anexos._-1.xlsx","existing","A96E380FD6493463E9FD99423444D7421814405D6C19E8E62BD6E786D6186574"
"2025","desempeno","https://mem.gob.do/category/sector-electrico/informe-de-desempeno/2025-informe-de-desempeno/","https://mem.gob.do/wp-content/uploads/2026/01/Informe-de-Desempeno-noviembre-2025-Anexos._.xlsx","mem_desempeno_2025_Informe-de-Desempeno-noviembre-2025-Anexos._.xlsx","existing","D497CD09AC1FF9C632BA3901CE38F267415984D94D0DEBB0CA035C3BDF0116C0"
"2025","desempeno","https://mem.gob.do/category/sector-electrico/informe-de-desempeno/2025-informe-de-desempeno/","https://mem.gob.do/wp-content/uploads/2026/01/Informe-de-Desempeno-octubre-2025-Anexos.xlsx","mem_desempeno_2025_Informe-de-Desempeno-octubre-2025-Anexos.xlsx","existing","67177FC0897ADB63B54155758B0D5A870AD446B96C3E376150F2532690462C7E"
"2025","desempeno","https://mem.gob.do/category/sector-electrico/informe-de-desempeno/2025-informe-de-desempeno/","https://mem.gob.do/wp-content/uploads/2025/11/Informe-de-Desempeno-septiembre-2025-Anexos._.xlsx","mem_desempeno_2025_Informe-de-Desempeno-septiembre-2025-Anexos._.xlsx","existing","163F7FAAEDB6178EB71E3522FE545141183FF9AC444B8D3572810612072EFB58"
"2026","desempeno","https://mem.gob.do/category/sector-electrico/informe-de-desempeno/2026-informe-de-desempeno/","https://mem.gob.do/wp-content/uploads/2026/07/Informe_Desempeno_EEE_abril_2026-.pdf","mem_desempeno_2026_Informe_Desempeno_EEE_abril_2026-.pdf","existing","4D1214F0C2946A786C0E8A6E6F81D401613F301CD408671C3D7C81DE0ACBC39E"
"2026","desempeno","https://mem.gob.do/category/sector-electrico/informe-de-desempeno/2026-informe-de-desempeno/","https://mem.gob.do/wp-content/uploads/2026/03/Informe_Desempeno_EEE_enero_2026-.pdf","mem_desempeno_2026_Informe_Desempeno_EEE_enero_2026-.pdf","existing","C1F8D2037D06D81D47ACA17DC61FB0BEB6FE1C075CF0D5ABC77F0A8E43B5E509"
"2026","desempeno","https://mem.gob.do/category/sector-electrico/informe-de-desempeno/2026-informe-de-desempeno/","https://mem.gob.do/wp-content/uploads/2026/04/Informe_Desempeno_EEE_febrero_2026-.pdf","mem_desempeno_2026_Informe_Desempeno_EEE_febrero_2026-.pdf","existing","E127F15B8DEF5ACC1EFFE133041E27F179AB8AC4E4212D6869843AD2F42C378A"
"2026","desempeno","https://mem.gob.do/category/sector-electrico/informe-de-desempeno/2026-informe-de-desempeno/","https://mem.gob.do/wp-content/uploads/2026/05/Informe_Desempeno_EEE_marzo_2026-.pdf","mem_desempeno_2026_Informe_Desempeno_EEE_marzo_2026-.pdf","existing","63CFC4371A92A3F8151048E66365C40844FDE006995F9ED975DC53F56202469D"
"2026","desempeno","https://mem.gob.do/category/sector-electrico/informe-de-desempeno/2026-informe-de-desempeno/","https://mem.gob.do/wp-content/uploads/2026/07/Informe-de-Desempeno-Anexos._-abril-2026.xlsx","mem_desempeno_2026_Informe-de-Desempeno-Anexos._-abril-2026.xlsx","existing","FBAC1FC4B82DC69691E8441C36EC39647F83EF86847C8F79220A92231C6EBD2B"
"2026","desempeno","https://mem.gob.do/category/sector-electrico/informe-de-desempeno/2026-informe-de-desempeno/","https://mem.gob.do/wp-content/uploads/2026/03/Informe-de-Desempeno-Anexos._-enero-2026.xlsx","mem_desempeno_2026_Informe-de-Desempeno-Anexos._-enero-2026.xlsx","existing","AF9066D7D936D7B6AA006B5F37925D19A57EEAE2B431F4EF9E498B093411D3BC"
"2026","desempeno","https://mem.gob.do/category/sector-electrico/informe-de-desempeno/2026-informe-de-desempeno/","https://mem.gob.do/wp-content/uploads/2026/04/Informe-de-Desempeno-Anexos._-Febrero-2026.xlsx","mem_desempeno_2026_Informe-de-Desempeno-Anexos._-Febrero-2026.xlsx","existing","CAE7BB6757FF0F95110D10375F7704E2DD07BF9E13DB9D3FCC5652FA18AC5FE4"
"2026","desempeno","https://mem.gob.do/category/sector-electrico/informe-de-desempeno/2026-informe-de-desempeno/","https://mem.gob.do/wp-content/uploads/2026/05/Informe-de-Desempeno-Anexos._-marzo-2026.xlsx","mem_desempeno_2026_Informe-de-Desempeno-Anexos._-marzo-2026.xlsx","existing","2C984B7AE1EF5B2E0C363C9E082311F1EB73363057ACAFCFD8540F2B57A89393"
"2022","distribucion","https://mem.gob.do/category/sector-electrico/boletin-de-distribucion-y-comercializacion-de-energia/2022-boletin-de-distribucion/","https://mem.gob.do/wp-content/uploads/2022/11/Boletin-Informativo-Agosto-2022-Act-1.11.2022.pdf","mem_distribucion_2022_Boletin-Informativo-Agosto-2022-Act-1.11.2022.pdf","existing","6F4589D2FA33E83A9690B52E8FA2589F90DD1B8E8C35D5156115E08E274CB787"
"2022","distribucion","https://mem.gob.do/category/sector-electrico/boletin-de-distribucion-y-comercializacion-de-energia/2022-boletin-de-distribucion/","https://mem.gob.do/wp-content/uploads/2023/03/Boletin-Informativo-Distribucion-y-Comercializacion-de-Energia-de-las-EDE-Diciembre-2022.pdf","mem_distribucion_2022_Boletin-Informativo-Distribucion-y-Comercializacion-de-Energia-de-las-EDE-Diciembre-2022.pdf","existing","72F27BBB9FC8E2F18A396357B7830892F8844C6B9377051CAADF25330211390F"
"2022","distribucion","https://mem.gob.do/category/sector-electrico/boletin-de-distribucion-y-comercializacion-de-energia/2022-boletin-de-distribucion/","https://mem.gob.do/wp-content/uploads/2023/02/Boletin-Informativo-Distribucion-y-Comercializacion-de-Energia-de-las-EDE-Noviembre-2022.pdf","mem_distribucion_2022_Boletin-Informativo-Distribucion-y-Comercializacion-de-Energia-de-las-EDE-Noviembre-2022.pdf","existing","FABE6D16DF5C5B4517CC6A2B4D522F1B12EDECF55A285A974785E931B775C919"
"2022","distribucion","https://mem.gob.do/category/sector-electrico/boletin-de-distribucion-y-comercializacion-de-energia/2022-boletin-de-distribucion/","https://mem.gob.do/wp-content/uploads/2023/01/Boletin-Informativo-Distribucion-y-Comercializacion-de-Energia-de-las-EDE-Octubre-2022-1.pdf","mem_distribucion_2022_Boletin-Informativo-Distribucion-y-Comercializacion-de-Energia-de-las-EDE-Octubre-2022-1.pdf","existing","B555C9E7F6A2588D36B111A69EF02CD821E69F73C51F4AFE1CE062B9DB260DB6"
"2022","distribucion","https://mem.gob.do/category/sector-electrico/boletin-de-distribucion-y-comercializacion-de-energia/2022-boletin-de-distribucion/","https://mem.gob.do/wp-content/uploads/2022/12/Boletin-Informativo-Septiembre-2022-Act-05.12.2022.pdf","mem_distribucion_2022_Boletin-Informativo-Septiembre-2022-Act-05.12.2022.pdf","existing","54427CECA1ABE08008A11D444B000EB603347F41EB5BB1FBA098233986248F71"
"2023","distribucion","https://mem.gob.do/category/sector-electrico/boletin-de-distribucion-y-comercializacion-de-energia/2023-boletin-de-distribucion/","https://mem.gob.do/wp-content/uploads/2023/06/Boletin-Informativo-Distribucion-y-Comercializacion-de-Energia-de-las-EDE-Abril-2023.pdf","mem_distribucion_2023_Boletin-Informativo-Distribucion-y-Comercializacion-de-Energia-de-las-EDE-Abril-2023.pdf","existing","C37576A1E40DE130BED52D6797BB68A4C36D39134C1A76D181092FD5EC78C6EB"
"2023","distribucion","https://mem.gob.do/category/sector-electrico/boletin-de-distribucion-y-comercializacion-de-energia/2023-boletin-de-distribucion/","https://mem.gob.do/wp-content/uploads/2023/11/Boletin-Informativo-Distribucion-y-Comercializacion-de-Energia-de-las-EDE-Agosto-2023.pdf","mem_distribucion_2023_Boletin-Informativo-Distribucion-y-Comercializacion-de-Energia-de-las-EDE-Agosto-2023.pdf","existing","1AA67740BBE9D7B6FE3C1214494CAA1BA5AD301907CAF374C1BD334181414EBB"
"2023","distribucion","https://mem.gob.do/category/sector-electrico/boletin-de-distribucion-y-comercializacion-de-energia/2023-boletin-de-distribucion/","https://mem.gob.do/wp-content/uploads/2024/03/Boletin-Informativo-Distribucion-y-Comercializacion-de-Energia-de-las-EDE-Diciembre-2023.pdf","mem_distribucion_2023_Boletin-Informativo-Distribucion-y-Comercializacion-de-Energia-de-las-EDE-Diciembre-2023.pdf","existing","23FDFC4B66D7B3110AE38AF55F0669AE3F656D53B08F866919EA256EAF836DF2"
"2023","distribucion","https://mem.gob.do/category/sector-electrico/boletin-de-distribucion-y-comercializacion-de-energia/2023-boletin-de-distribucion/","https://mem.gob.do/wp-content/uploads/2023/04/Boletin-Informativo-Distribucion-y-Comercializacion-de-Energia-de-las-EDE-Enero-2023.pdf","mem_distribucion_2023_Boletin-Informativo-Distribucion-y-Comercializacion-de-Energia-de-las-EDE-Enero-2023.pdf","existing","62751CCA0191A35171E2B1395B41141362C2BCA9E9D4A79610A8F05FDFE0E3BA"
"2023","distribucion","https://mem.gob.do/category/sector-electrico/boletin-de-distribucion-y-comercializacion-de-energia/2023-boletin-de-distribucion/","https://mem.gob.do/wp-content/uploads/2023/05/Boletin-Informativo-Distribucion-y-Comercializacion-de-Energia-de-las-EDE-Febrero-2023.pdf","mem_distribucion_2023_Boletin-Informativo-Distribucion-y-Comercializacion-de-Energia-de-las-EDE-Febrero-2023.pdf","existing","5BD43833BE72760C0CCF3775FA700766556AA0145438AB5DD1B858FCC0432FF1"
"2023","distribucion","https://mem.gob.do/category/sector-electrico/boletin-de-distribucion-y-comercializacion-de-energia/2023-boletin-de-distribucion/","https://mem.gob.do/wp-content/uploads/2023/09/Boletin-Informativo-Distribucion-y-Comercializacion-de-Energia-de-las-EDE-Julio-2023-Portal-1.pdf","mem_distribucion_2023_Boletin-Informativo-Distribucion-y-Comercializacion-de-Energia-de-las-EDE-Julio-2023-Portal-1.pdf","existing","EB5E0F956543EE889C84B9B28AA220AAF35CB309907D08EC0B017F79E0F1C708"
"2023","distribucion","https://mem.gob.do/category/sector-electrico/boletin-de-distribucion-y-comercializacion-de-energia/2023-boletin-de-distribucion/","https://mem.gob.do/wp-content/uploads/2023/09/Boletin-Informativo-Distribucion-y-Comercializacion-de-Energia-de-las-EDE-Junio-2023-.pdf","mem_distribucion_2023_Boletin-Informativo-Distribucion-y-Comercializacion-de-Energia-de-las-EDE-Junio-2023-.pdf","existing","AB13A7AEB0521B4CBE6A4296687AF1258AABD8A42A45B170329FEA59E895383B"
"2023","distribucion","https://mem.gob.do/category/sector-electrico/boletin-de-distribucion-y-comercializacion-de-energia/2023-boletin-de-distribucion/","https://mem.gob.do/wp-content/uploads/2023/05/Boletin-Informativo-Distribucion-y-Comercializacion-de-Energia-de-las-EDE-Marzo-2023.pdf","mem_distribucion_2023_Boletin-Informativo-Distribucion-y-Comercializacion-de-Energia-de-las-EDE-Marzo-2023.pdf","existing","A951BA06FDC9AC6F580CB8F725E6EAC83BDA81E61292069634DEB7C514206F3E"
"2023","distribucion","https://mem.gob.do/category/sector-electrico/boletin-de-distribucion-y-comercializacion-de-energia/2023-boletin-de-distribucion/","https://mem.gob.do/wp-content/uploads/2023/08/Boletin-Informativo-Distribucion-y-Comercializacion-de-Energia-de-las-EDE-Mayo-2023.pdf","mem_distribucion_2023_Boletin-Informativo-Distribucion-y-Comercializacion-de-Energia-de-las-EDE-Mayo-2023.pdf","existing","EC3F49AE51B2DB954AFF071B023464B9F6B91A22507D45CB3DAF266044103B5B"
"2023","distribucion","https://mem.gob.do/category/sector-electrico/boletin-de-distribucion-y-comercializacion-de-energia/2023-boletin-de-distribucion/","https://mem.gob.do/wp-content/uploads/2024/01/Boletin-Informativo-Distribucion-y-Comercializacion-de-Energia-de-las-EDE-Noviembre-2023.pdf","mem_distribucion_2023_Boletin-Informativo-Distribucion-y-Comercializacion-de-Energia-de-las-EDE-Noviembre-2023.pdf","existing","75999B3EBCF5063672B5F38F83404E988F7AFD3E528286699B7D916516DF15A4"
"2023","distribucion","https://mem.gob.do/category/sector-electrico/boletin-de-distribucion-y-comercializacion-de-energia/2023-boletin-de-distribucion/","https://mem.gob.do/wp-content/uploads/2024/01/Boletin-Informativo-Distribucion-y-Comercializacion-de-Energia-de-las-EDE-Octubre-2023.pdf","mem_distribucion_2023_Boletin-Informativo-Distribucion-y-Comercializacion-de-Energia-de-las-EDE-Octubre-2023.pdf","existing","A1913A12528F1EB3F32B9BE20BB622E8E86516B92DAF35F41BF32483B4A1C486"
"2023","distribucion","https://mem.gob.do/category/sector-electrico/boletin-de-distribucion-y-comercializacion-de-energia/2023-boletin-de-distribucion/","https://mem.gob.do/wp-content/uploads/2023/12/Boletin-Informativo-Distribucion-y-Comercializacion-de-Energia-de-las-EDE-Septiembre-2023.pdf","mem_distribucion_2023_Boletin-Informativo-Distribucion-y-Comercializacion-de-Energia-de-las-EDE-Septiembre-2023.pdf","existing","7CF211616251DCD65B927EBAB52FCCBF556EA541E1A7D5BBAD02701F325AB914"
"2024","distribucion","https://mem.gob.do/category/sector-electrico/boletin-de-distribucion-y-comercializacion-de-energia/2024-boletin-de-distribucion/","https://mem.gob.do/wp-content/uploads/2025/02/Boletin-Informativo-Distribucion-y-Comercializacion-de-Energia-de-las-EDE.-noviembre-2024.pdf","mem_distribucion_2024_Boletin-Informativo-Distribucion-y-Comercializacion-de-Energia-de-las-EDE.-noviembre-2024.pdf","existing","83CEFDB80AA6985635A16DFCC733A0889CAD498E9A54F2620C3D4702B4873415"
"2024","distribucion","https://mem.gob.do/category/sector-electrico/boletin-de-distribucion-y-comercializacion-de-energia/2024-boletin-de-distribucion/","https://mem.gob.do/wp-content/uploads/2025/01/Boletin-Informativo-Distribucion-y-Comercializacion-de-Energia-de-las-EDE.-octubre-2024-Nuevo-1.pdf","mem_distribucion_2024_Boletin-Informativo-Distribucion-y-Comercializacion-de-Energia-de-las-EDE.-octubre-2024-Nuevo-1.pdf","existing","868B25019813110DA74EA09E01073F37670289154A277322BBEFC0EF566D9E28"
"2024","distribucion","https://mem.gob.do/category/sector-electrico/boletin-de-distribucion-y-comercializacion-de-energia/2024-boletin-de-distribucion/","https://mem.gob.do/wp-content/uploads/2024/07/Boletin-Informativo-Distribucion-y-Comercializacion-de-Energia-de-las-EDE-Abril-2024.pdf","mem_distribucion_2024_Boletin-Informativo-Distribucion-y-Comercializacion-de-Energia-de-las-EDE-Abril-2024.pdf","existing","664666F001CC56166422F93EE7BF9A2D9506976ADA704D5CA9EA8B0D3E3B933B"
"2024","distribucion","https://mem.gob.do/category/sector-electrico/boletin-de-distribucion-y-comercializacion-de-energia/2024-boletin-de-distribucion/","https://mem.gob.do/wp-content/uploads/2024/10/Boletin-Informativo-Distribucion-y-Comercializacion-de-Energia-de-las-EDE-agosto-2024-1.pdf","mem_distribucion_2024_Boletin-Informativo-Distribucion-y-Comercializacion-de-Energia-de-las-EDE-agosto-2024-1.pdf","existing","F390CF2D9B9AF66495FB1DF74C0E34D7BDA46C8F701DD9C9D83B0F8C264CEA4E"
"2024","distribucion","https://mem.gob.do/category/sector-electrico/boletin-de-distribucion-y-comercializacion-de-energia/2024-boletin-de-distribucion/","https://mem.gob.do/wp-content/uploads/2025/03/Boletin-Informativo-Distribucion-y-Comercializacion-de-Energia-de-las-EDE-diciembre-2024.pdf","mem_distribucion_2024_Boletin-Informativo-Distribucion-y-Comercializacion-de-Energia-de-las-EDE-diciembre-2024.pdf","existing","4F61CDC26D047E86AAD7E9CE56848FD89D50F54A5C192709D696CCB0E38EACDC"
"2024","distribucion","https://mem.gob.do/category/sector-electrico/boletin-de-distribucion-y-comercializacion-de-energia/2024-boletin-de-distribucion/","https://mem.gob.do/wp-content/uploads/2024/04/Boletin-Informativo-Distribucion-y-Comercializacion-de-Energia-de-las-EDE-Enero-2024.pdf","mem_distribucion_2024_Boletin-Informativo-Distribucion-y-Comercializacion-de-Energia-de-las-EDE-Enero-2024.pdf","existing","16F3E3E50A0F6DE99C87BAD9EB3C27552DE2A06769386CA6DDF372552541DD8E"
"2024","distribucion","https://mem.gob.do/category/sector-electrico/boletin-de-distribucion-y-comercializacion-de-energia/2024-boletin-de-distribucion/","https://mem.gob.do/wp-content/uploads/2024/05/Boletin-Informativo-Distribucion-y-Comercializacion-de-Energia-de-las-EDE-Febrero-2024.pdf","mem_distribucion_2024_Boletin-Informativo-Distribucion-y-Comercializacion-de-Energia-de-las-EDE-Febrero-2024.pdf","existing","5AE9489CF9318087B855A2F81837983023C7F6A550643909E18ACEAB12326900"
"2024","distribucion","https://mem.gob.do/category/sector-electrico/boletin-de-distribucion-y-comercializacion-de-energia/2024-boletin-de-distribucion/","https://mem.gob.do/wp-content/uploads/2024/10/Boletin-Informativo-Distribucion-y-Comercializacion-de-Energia-de-las-EDE-Julio-2024.pdf","mem_distribucion_2024_Boletin-Informativo-Distribucion-y-Comercializacion-de-Energia-de-las-EDE-Julio-2024.pdf","existing","77F6FC3CC861CD9271BC3242F3D7E2A37FF61CB962EFD6A45CB1B59CE30CB6C3"
"2024","distribucion","https://mem.gob.do/category/sector-electrico/boletin-de-distribucion-y-comercializacion-de-energia/2024-boletin-de-distribucion/","https://mem.gob.do/wp-content/uploads/2024/08/Boletin-Informativo-Distribucion-y-Comercializacion-de-Energia-de-las-EDE-Junio-2024.pdf","mem_distribucion_2024_Boletin-Informativo-Distribucion-y-Comercializacion-de-Energia-de-las-EDE-Junio-2024.pdf","existing","889F86F205781FD7D8CBDD7A6A6126BB03B60A2F88B41C045F27150962268930"
"2024","distribucion","https://mem.gob.do/category/sector-electrico/boletin-de-distribucion-y-comercializacion-de-energia/2024-boletin-de-distribucion/","https://mem.gob.do/wp-content/uploads/2024/06/Boletin-Informativo-Distribucion-y-Comercializacion-de-Energia-de-las-EDE-Marzo-2024.pdf","mem_distribucion_2024_Boletin-Informativo-Distribucion-y-Comercializacion-de-Energia-de-las-EDE-Marzo-2024.pdf","existing","B9A3D8F6DA19DB4C5814BD36A54754F4C776FFA11EC047622B814627289C5CDF"
"2024","distribucion","https://mem.gob.do/category/sector-electrico/boletin-de-distribucion-y-comercializacion-de-energia/2024-boletin-de-distribucion/","https://mem.gob.do/wp-content/uploads/2024/08/Boletin-Informativo-Distribucion-y-Comercializacion-de-Energia-de-las-EDE-Mayo-2024.pdf","mem_distribucion_2024_Boletin-Informativo-Distribucion-y-Comercializacion-de-Energia-de-las-EDE-Mayo-2024.pdf","existing","5976C77A1C253EA84801217B0D418B3CBF4920990A73EF9685CDCE8CB77CD9E0"
"2024","distribucion","https://mem.gob.do/category/sector-electrico/boletin-de-distribucion-y-comercializacion-de-energia/2024-boletin-de-distribucion/","https://mem.gob.do/wp-content/uploads/2024/12/Boletin-Informativo-Distribucion-y-Comercializacion-de-Energia-de-las-EDE-septiembre-2024.pdf","mem_distribucion_2024_Boletin-Informativo-Distribucion-y-Comercializacion-de-Energia-de-las-EDE-septiembre-2024.pdf","existing","1BB878FE44593BB49C35AEA2E409B5E412FC78016726DAD5A20350D24B0E0CA2"
"2025","distribucion","https://mem.gob.do/category/sector-electrico/boletin-de-distribucion-y-comercializacion-de-energia/2025-boletin-de-distribucion/","https://mem.gob.do/wp-content/uploads/2025/08/Boletin-Informativo-Distribucion-y-Comercializacion-de-Energia-de-las-EDE-abril-2025.pdf","mem_distribucion_2025_Boletin-Informativo-Distribucion-y-Comercializacion-de-Energia-de-las-EDE-abril-2025.pdf","existing","814008556F7F903BCCB095A2704616AA9F18C7BB6DC6EA5983EA67A123787DE9"
"2025","distribucion","https://mem.gob.do/category/sector-electrico/boletin-de-distribucion-y-comercializacion-de-energia/2025-boletin-de-distribucion/","https://mem.gob.do/wp-content/uploads/2025/10/Boletin-Informativo-Distribucion-y-Comercializacion-de-Energia-de-las-EDE-agosto-2025.pdf","mem_distribucion_2025_Boletin-Informativo-Distribucion-y-Comercializacion-de-Energia-de-las-EDE-agosto-2025.pdf","existing","0802DCDEE4C2FB4F4CB73152252248AA83D33D5CB95AF07A58C18CCE68D23BCF"
"2025","distribucion","https://mem.gob.do/category/sector-electrico/boletin-de-distribucion-y-comercializacion-de-energia/2025-boletin-de-distribucion/","https://mem.gob.do/wp-content/uploads/2026/02/Boletin-Informativo-Distribucion-y-Comercializacion-de-Energia-de-las-EDE-diciembre-2025.pdf","mem_distribucion_2025_Boletin-Informativo-Distribucion-y-Comercializacion-de-Energia-de-las-EDE-diciembre-2025.pdf","existing","4791F1922E408D0CF8AC7CF12FF8C21F9DC883BA49F8991D3075B240F29FC6B0"
"2025","distribucion","https://mem.gob.do/category/sector-electrico/boletin-de-distribucion-y-comercializacion-de-energia/2025-boletin-de-distribucion/","https://mem.gob.do/wp-content/uploads/2025/04/Boletin-Informativo-Distribucion-y-Comercializacion-de-Energia-de-las-EDE-enero-2025.pdf","mem_distribucion_2025_Boletin-Informativo-Distribucion-y-Comercializacion-de-Energia-de-las-EDE-enero-2025.pdf","existing","965F9659C8B34F106B27039F5F8BA717C483AF348A55C82D53471185E6A0AC70"
"2025","distribucion","https://mem.gob.do/category/sector-electrico/boletin-de-distribucion-y-comercializacion-de-energia/2025-boletin-de-distribucion/","https://mem.gob.do/wp-content/uploads/2025/05/Boletin-Informativo-Distribucion-y-Comercializacion-de-Energia-de-las-EDE-febrero-2025-Sustitucion.pdf","mem_distribucion_2025_Boletin-Informativo-Distribucion-y-Comercializacion-de-Energia-de-las-EDE-febrero-2025-Sustitucion.pdf","existing","1DA8A103CA69426CB102F583A380F0E9EFE7B2D8EED9327046ED1F9851CFCBA5"
"2025","distribucion","https://mem.gob.do/category/sector-electrico/boletin-de-distribucion-y-comercializacion-de-energia/2025-boletin-de-distribucion/","https://mem.gob.do/wp-content/uploads/2025/09/Boletin-Informativo-Distribucion-y-Comercializacion-de-Energia-de-las-EDE-julio-2025.pdf","mem_distribucion_2025_Boletin-Informativo-Distribucion-y-Comercializacion-de-Energia-de-las-EDE-julio-2025.pdf","existing","ACFFAF9F27AA2CF6A49A4CE4238D8FCE31694570D5EDCACE8EC79D1253B7A91D"
"2025","distribucion","https://mem.gob.do/category/sector-electrico/boletin-de-distribucion-y-comercializacion-de-energia/2025-boletin-de-distribucion/","https://mem.gob.do/wp-content/uploads/2025/09/Boletin-Informativo-Distribucion-y-Comercializacion-de-Energia-de-las-EDE-junio-2025.pdf","mem_distribucion_2025_Boletin-Informativo-Distribucion-y-Comercializacion-de-Energia-de-las-EDE-junio-2025.pdf","existing","5080659074D64EC13D782F1A676391B53EC5F7E850CFF2100FE366C9B9CBD7A6"
"2025","distribucion","https://mem.gob.do/category/sector-electrico/boletin-de-distribucion-y-comercializacion-de-energia/2025-boletin-de-distribucion/","https://mem.gob.do/wp-content/uploads/2025/06/Boletin-Informativo-Distribucion-y-Comercializacion-de-Energia-de-las-EDE-marzo-2025.pdf","mem_distribucion_2025_Boletin-Informativo-Distribucion-y-Comercializacion-de-Energia-de-las-EDE-marzo-2025.pdf","existing","72C42902B315F16D6D0DC97D157A67EE0E1FC056B675196A21D891F51FEDFCF8"
"2025","distribucion","https://mem.gob.do/category/sector-electrico/boletin-de-distribucion-y-comercializacion-de-energia/2025-boletin-de-distribucion/","https://mem.gob.do/wp-content/uploads/2025/08/Boletin-Informativo-Distribucion-y-Comercializacion-de-Energia-de-las-EDE-mayo-2025.pdf","mem_distribucion_2025_Boletin-Informativo-Distribucion-y-Comercializacion-de-Energia-de-las-EDE-mayo-2025.pdf","existing","6E30A6E245D473B2948A5C17066B6328C3A8E81FAF05856B104584066EA587C0"
"2025","distribucion","https://mem.gob.do/category/sector-electrico/boletin-de-distribucion-y-comercializacion-de-energia/2025-boletin-de-distribucion/","https://mem.gob.do/wp-content/uploads/2026/02/Boletin-Informativo-Distribucion-y-Comercializacion-de-Energia-de-las-EDE-noviembre-2025-.pdf","mem_distribucion_2025_Boletin-Informativo-Distribucion-y-Comercializacion-de-Energia-de-las-EDE-noviembre-2025-.pdf","existing","40DD977C30FEC4E609315049053357F8C452A6563B7BE06618F92BC9F2B1D62A"
"2025","distribucion","https://mem.gob.do/category/sector-electrico/boletin-de-distribucion-y-comercializacion-de-energia/2025-boletin-de-distribucion/","https://mem.gob.do/wp-content/uploads/2026/01/Boletin-Informativo-Distribucion-y-Comercializacion-de-Energia-de-las-EDE-octubre-2025.pdf","mem_distribucion_2025_Boletin-Informativo-Distribucion-y-Comercializacion-de-Energia-de-las-EDE-octubre-2025.pdf","existing","A6FD43DAE37F0817B387E94DA5C30B130156AAE4DD89F2E040DC9D013427CCFA"
"2025","distribucion","https://mem.gob.do/category/sector-electrico/boletin-de-distribucion-y-comercializacion-de-energia/2025-boletin-de-distribucion/","https://mem.gob.do/wp-content/uploads/2025/11/Boletin-Informativo-Distribucion-y-Comercializacion-de-Energia-de-las-EDE-septiembre-2025.pdf","mem_distribucion_2025_Boletin-Informativo-Distribucion-y-Comercializacion-de-Energia-de-las-EDE-septiembre-2025.pdf","existing","DAD3351D897FBD8797FDDC5DF2AAA1F664CCE4A5FBF8A5AFBEF0211521136109"
"2026","distribucion","https://mem.gob.do/category/sector-electrico/boletin-de-distribucion-y-comercializacion-de-energia/2026-boletin-de-distribucion/","https://mem.gob.do/wp-content/uploads/2026/07/Boletin_Informativo_Distribucion_Comercializacion_Energia_EDE_abril_2026.pdf","mem_distribucion_2026_Boletin_Informativo_Distribucion_Comercializacion_Energia_EDE_abril_2026.pdf","existing","6D9EECF667BD13477354D5C7D4711CC38C485484CBEFD5ADF685A020EF2C80B0"
"2026","distribucion","https://mem.gob.do/category/sector-electrico/boletin-de-distribucion-y-comercializacion-de-energia/2026-boletin-de-distribucion/","https://mem.gob.do/wp-content/uploads/2026/03/Boletin_Informativo_Distribucion_Comercializacion_Energia_EDE_enero_2026.pdf","mem_distribucion_2026_Boletin_Informativo_Distribucion_Comercializacion_Energia_EDE_enero_2026.pdf","existing","5D1E3C949AD935630A131964EEBF58F7A91CE2CCD424CE2198D4525869572095"
"2026","distribucion","https://mem.gob.do/category/sector-electrico/boletin-de-distribucion-y-comercializacion-de-energia/2026-boletin-de-distribucion/","https://mem.gob.do/wp-content/uploads/2026/04/Boletin_Informativo_Distribucion_Comercializacion_Energia_EDE_febrero_2026.pdf","mem_distribucion_2026_Boletin_Informativo_Distribucion_Comercializacion_Energia_EDE_febrero_2026.pdf","existing","E56C7BFFCE281C89970AE270DA8B9817FB72194F91C269DAF9AE021F3A77938B"
"2026","distribucion","https://mem.gob.do/category/sector-electrico/boletin-de-distribucion-y-comercializacion-de-energia/2026-boletin-de-distribucion/","https://mem.gob.do/wp-content/uploads/2026/06/Boletin-Informativo-Distribucion-y-Comercializacion-de-Energia-de-las-EDE-marzo-2026.pdf","mem_distribucion_2026_Boletin-Informativo-Distribucion-y-Comercializacion-de-Energia-de-las-EDE-marzo-2026.pdf","existing","AADF5F38186B61319EC18135E1092A83054898A00172D756AF0CC33F4D82070F"
"2022","generacion","https://mem.gob.do/category/sector-electrico/boletin-de-generacion-y-gestion-de-energia/2022-boletin-de-generacion/","https://mem.gob.do/wp-content/uploads/2022/11/Boletin-Informativo-DGE-DERNC-v.15-11-2022.2.pdf","mem_generacion_2022_Boletin-Informativo-DGE-DERNC-v.15-11-2022.2.pdf","existing","7215A84689480406DB3A8F09D1FE30CFBF81E6652BDF739F342EF4D2A50B8E88"
"2022","generacion","https://mem.gob.do/category/sector-electrico/boletin-de-generacion-y-gestion-de-energia/2022-boletin-de-generacion/","https://mem.gob.do/wp-content/uploads/2022/12/Boletin-Informativo-DGE-DERNC-v.-NOVIEMBRE-2022.pdf","mem_generacion_2022_Boletin-Informativo-DGE-DERNC-v.-NOVIEMBRE-2022.pdf","existing","901793A4C1609DC2F08234B6DF73A696DFC5BB2453046A859770409577B47F93"
"2022","generacion","https://mem.gob.do/category/sector-electrico/boletin-de-generacion-y-gestion-de-energia/2022-boletin-de-generacion/","https://mem.gob.do/wp-content/uploads/2023/01/Boletin-Informativo-Generacion-y-Gestion-Energia-Diciembre-2022.pdf","mem_generacion_2022_Boletin-Informativo-Generacion-y-Gestion-Energia-Diciembre-2022.pdf","existing","257D4E606934E03AFD6B2D1D7AB015835E64932AFB61D4CC0F9EAA60C605B615"
"2023","generacion","https://mem.gob.do/category/sector-electrico/boletin-de-generacion-y-gestion-de-energia/2023-boletin-de-generacion/","https://mem.gob.do/wp-content/uploads/2023/05/04.-Boletin-de-generacion-y-gestion-de-energia-Abril-2023.pdf","mem_generacion_2023_04.-Boletin-de-generacion-y-gestion-de-energia-Abril-2023.pdf","existing","C392D300E030954CBD574B2098723926C490BC334139088F0D21C6E0F948712C"
"2023","generacion","https://mem.gob.do/category/sector-electrico/boletin-de-generacion-y-gestion-de-energia/2023-boletin-de-generacion/","https://mem.gob.do/wp-content/uploads/2024/01/05.-Boletin-de-generacion-y-gestion-de-energia-Mayo-2023.pdf","mem_generacion_2023_05.-Boletin-de-generacion-y-gestion-de-energia-Mayo-2023.pdf","existing","010779AE1AC8E404496C599ABB9E71A3B0B8698BB0F020C9786AA5BDC24F3991"
"2023","generacion","https://mem.gob.do/category/sector-electrico/boletin-de-generacion-y-gestion-de-energia/2023-boletin-de-generacion/","https://mem.gob.do/wp-content/uploads/2023/07/06.-Boletin-Generacion-y-Gestion-de-Energia-Junio-2023.pdf","mem_generacion_2023_06.-Boletin-Generacion-y-Gestion-de-Energia-Junio-2023.pdf","existing","E083175AFE093F320F92C72FCBAE9DC841D8BC200AF8B586332C7D7DF9C7293F"
"2023","generacion","https://mem.gob.do/category/sector-electrico/boletin-de-generacion-y-gestion-de-energia/2023-boletin-de-generacion/","https://mem.gob.do/wp-content/uploads/2023/09/07.-Boletin-Generacion-y-Gestion-de-Energia-Julio-2023-1.pdf","mem_generacion_2023_07.-Boletin-Generacion-y-Gestion-de-Energia-Julio-2023-1.pdf","existing","E79FC9CFF2B1C63FA7996C11A22AE5DBAE6781F8BA2D855BF1BFB3FB92BD20A7"
"2023","generacion","https://mem.gob.do/category/sector-electrico/boletin-de-generacion-y-gestion-de-energia/2023-boletin-de-generacion/","https://mem.gob.do/wp-content/uploads/2023/09/08.-Boletin-Generacion-y-Gestion-de-Energia-Agosto-2023-v.3-1.pdf","mem_generacion_2023_08.-Boletin-Generacion-y-Gestion-de-Energia-Agosto-2023-v.3-1.pdf","existing","D107FC408D42616B92174963CD24C79616887A1784455751537E04A2E5A24EAD"
"2023","generacion","https://mem.gob.do/category/sector-electrico/boletin-de-generacion-y-gestion-de-energia/2023-boletin-de-generacion/","https://mem.gob.do/wp-content/uploads/2023/10/09.-Boletin-de-Generacion-y-Gestion-de-Energia-Septiembre-2023-1.pdf","mem_generacion_2023_09.-Boletin-de-Generacion-y-Gestion-de-Energia-Septiembre-2023-1.pdf","existing","E559AC842590B530BA1C459382D6A3E973A8FDBB5424557B2DE06EACA4C6B5A5"
"2023","generacion","https://mem.gob.do/category/sector-electrico/boletin-de-generacion-y-gestion-de-energia/2023-boletin-de-generacion/","https://mem.gob.do/wp-content/uploads/2023/11/10.-Boletin-Generacion-y-Gestion-de-Energia-octubre-2023-1.pdf","mem_generacion_2023_10.-Boletin-Generacion-y-Gestion-de-Energia-octubre-2023-1.pdf","existing","7593E96BE884A83D7795A0A13B20E093CCD29416A8148CC2A51CE2FD5EB4E2D7"
"2023","generacion","https://mem.gob.do/category/sector-electrico/boletin-de-generacion-y-gestion-de-energia/2023-boletin-de-generacion/","https://mem.gob.do/wp-content/uploads/2024/01/11.-Boletin-de-Generacion-y-Gestion-de-Energia-noviembre-2023-1.pdf","mem_generacion_2023_11.-Boletin-de-Generacion-y-Gestion-de-Energia-noviembre-2023-1.pdf","existing","812D751AC4BE0D930FD6B2AAA30DB5EEC4C916C7FADE89CFC1C6A69A0F6E9C5D"
"2023","generacion","https://mem.gob.do/category/sector-electrico/boletin-de-generacion-y-gestion-de-energia/2023-boletin-de-generacion/","https://mem.gob.do/wp-content/uploads/2024/01/12.-Boletin-de-Generacion-y-Gestion-de-Energia-diciembre-2023-1.pdf","mem_generacion_2023_12.-Boletin-de-Generacion-y-Gestion-de-Energia-diciembre-2023-1.pdf","existing","837B3DDD0D7B429C86F0D3D927FAFA432E712D0FF08E8E1FBD7AD740BD598584"
"2023","generacion","https://mem.gob.do/category/sector-electrico/boletin-de-generacion-y-gestion-de-energia/2023-boletin-de-generacion/","https://mem.gob.do/wp-content/uploads/2024/04/Boletin-Anual-de-Generacion-y-Gestion-de-Energia-2023.pdf","mem_generacion_2023_Boletin-Anual-de-Generacion-y-Gestion-de-Energia-2023.pdf","existing","59FEFB0653FE5E712E556FC675EAB34A97BC1C7916E4A5585BE0FF1DC643FAEB"
"2023","generacion","https://mem.gob.do/category/sector-electrico/boletin-de-generacion-y-gestion-de-energia/2023-boletin-de-generacion/","https://mem.gob.do/wp-content/uploads/2023/04/Boletin-de-generacion-y-gestion-de-energia-Febrero-2023.pdf","mem_generacion_2023_Boletin-de-generacion-y-gestion-de-energia-Febrero-2023.pdf","existing","04ED4723AE56E7BD8AADF2C2D2F1FBF2E036BBD93A03B40BB2F27454943E0A77"
"2023","generacion","https://mem.gob.do/category/sector-electrico/boletin-de-generacion-y-gestion-de-energia/2023-boletin-de-generacion/","https://mem.gob.do/wp-content/uploads/2023/04/Boletin-de-generacion-y-gestion-de-energia-Marzo-2023.pdf","mem_generacion_2023_Boletin-de-generacion-y-gestion-de-energia-Marzo-2023.pdf","existing","FF906EFA3400A343C60D26CF980BA5A3E3951BA1250C57D79A157DE071AA5791"
"2024","generacion","https://mem.gob.do/category/sector-electrico/boletin-de-generacion-y-gestion-de-energia/2024-boletin-de-generacion/","https://mem.gob.do/wp-content/uploads/2024/03/02.-Boletin-Informativo-Generacion-y-Gestion-Energia-Febrero-2024-v2.pdf","mem_generacion_2024_02.-Boletin-Informativo-Generacion-y-Gestion-Energia-Febrero-2024-v2.pdf","existing","2FB077D5C12A9E7358E29D8CE3BB30CE88AB0619D9D1671705772B1D2934775C"
"2024","generacion","https://mem.gob.do/category/sector-electrico/boletin-de-generacion-y-gestion-de-energia/2024-boletin-de-generacion/","https://mem.gob.do/wp-content/uploads/2024/04/03.-Boletin-Informativo-Generacion-y-Gestion-Energia-Marzo-2024-v2.pdf","mem_generacion_2024_03.-Boletin-Informativo-Generacion-y-Gestion-Energia-Marzo-2024-v2.pdf","existing","35385B4AC99EC95F0D8C6C21EA9732E9626C9895FCC2AE14A07AB3AB6179AA28"
"2024","generacion","https://mem.gob.do/category/sector-electrico/boletin-de-generacion-y-gestion-de-energia/2024-boletin-de-generacion/","https://mem.gob.do/wp-content/uploads/2024/05/04.-Boletin-Informativo-Generacion-y-Gestion-Energia-Abril-2024-v2.pdf","mem_generacion_2024_04.-Boletin-Informativo-Generacion-y-Gestion-Energia-Abril-2024-v2.pdf","existing","D47575999CFC7227E89D754DB5606A45D0D3FCCA65A14E9C7F3605A56802D15F"
"2024","generacion","https://mem.gob.do/category/sector-electrico/boletin-de-generacion-y-gestion-de-energia/2024-boletin-de-generacion/","https://mem.gob.do/wp-content/uploads/2024/08/05.-Boletin-Informativo-Generacion-y-Gestion-Energia-Mayo-2024-v2.pdf","mem_generacion_2024_05.-Boletin-Informativo-Generacion-y-Gestion-Energia-Mayo-2024-v2.pdf","existing","D57BFC47ED396FBDF6F9778279A7B5725A7C15FB5C4C10D589322B9222743495"
"2024","generacion","https://mem.gob.do/category/sector-electrico/boletin-de-generacion-y-gestion-de-energia/2024-boletin-de-generacion/","https://mem.gob.do/wp-content/uploads/2024/08/06.-Boletin-Informativo-Generacion-y-Gestion-Energia-Junio-2024-v2.pdf","mem_generacion_2024_06.-Boletin-Informativo-Generacion-y-Gestion-Energia-Junio-2024-v2.pdf","existing","262B029A081036F47182FA27AD1F47E607BB4A2B5A5A028E25CC8EE2C2FD765D"
"2024","generacion","https://mem.gob.do/category/sector-electrico/boletin-de-generacion-y-gestion-de-energia/2024-boletin-de-generacion/","https://mem.gob.do/wp-content/uploads/2024/08/07.-Boletin-Informativo-Generacion-y-Gestion-Energia-Julio-2024-v2.pdf","mem_generacion_2024_07.-Boletin-Informativo-Generacion-y-Gestion-Energia-Julio-2024-v2.pdf","existing","E7514DD79A9C1780EF9BACEE15345E5CC13CA4A9B0FCA291768A27E2899C6403"
"2024","generacion","https://mem.gob.do/category/sector-electrico/boletin-de-generacion-y-gestion-de-energia/2024-boletin-de-generacion/","https://mem.gob.do/wp-content/uploads/2024/09/08.-Boletin-Informativo-Generacion-y-Gestion-Energia-Agosto-2024-1.pdf","mem_generacion_2024_08.-Boletin-Informativo-Generacion-y-Gestion-Energia-Agosto-2024-1.pdf","existing","DCFA6CC7794A4D21B35BAC4BC03EC2ECD6D3C60C6D4C02EC5314E3958E1529AA"
"2024","generacion","https://mem.gob.do/category/sector-electrico/boletin-de-generacion-y-gestion-de-energia/2024-boletin-de-generacion/","https://mem.gob.do/wp-content/uploads/2024/10/09.-Boletin-Informativo-Generacion-y-Gestion-Energia-Septiembre-2024-2.pdf","mem_generacion_2024_09.-Boletin-Informativo-Generacion-y-Gestion-Energia-Septiembre-2024-2.pdf","existing","4E7A942727516046184221BC1F902234F1976949B554F4ACCFB6AAF162A26FF3"
"2024","generacion","https://mem.gob.do/category/sector-electrico/boletin-de-generacion-y-gestion-de-energia/2024-boletin-de-generacion/","https://mem.gob.do/wp-content/uploads/2024/12/10.-Boletin-Informativo-Generacion-y-Gestion-Energia-Octubre-2024-v2.pdf","mem_generacion_2024_10.-Boletin-Informativo-Generacion-y-Gestion-Energia-Octubre-2024-v2.pdf","existing","B1F10DE94D1541A167139134BFD4921260DC448A2158FE65D347421E3D875111"
"2024","generacion","https://mem.gob.do/category/sector-electrico/boletin-de-generacion-y-gestion-de-energia/2024-boletin-de-generacion/","https://mem.gob.do/wp-content/uploads/2024/12/11.-Boletin-Informativo-Generacion-y-Gestion-Energia-Noviembre-2024-v2.pdf","mem_generacion_2024_11.-Boletin-Informativo-Generacion-y-Gestion-Energia-Noviembre-2024-v2.pdf","existing","8748A4A18CABECDCFBFE32568A2E3C98837E3E0E99C29F300D9BB11D332E0FC3"
"2024","generacion","https://mem.gob.do/category/sector-electrico/boletin-de-generacion-y-gestion-de-energia/2024-boletin-de-generacion/","https://mem.gob.do/wp-content/uploads/2025/01/12.-Boletin-Informativo-Generacion-y-Gestion-Energia-Diciembre-2024-V.2-1.pdf","mem_generacion_2024_12.-Boletin-Informativo-Generacion-y-Gestion-Energia-Diciembre-2024-V.2-1.pdf","existing","056322ADFCF3B7885D8E0C23515846FD747F069762A372F3AEEB276AAA14BAB0"
"2024","generacion","https://mem.gob.do/category/sector-electrico/boletin-de-generacion-y-gestion-de-energia/2024-boletin-de-generacion/","https://mem.gob.do/wp-content/uploads/2025/01/Boletin-Informativo-Generacion-y-Gestion-Energia-2024-V.2.pdf","mem_generacion_2024_Boletin-Informativo-Generacion-y-Gestion-Energia-2024-V.2.pdf","existing","F7B01F162EFEBBC8B80BE737BB3917AD3A6B9608AA7D34695D146749CB6381FE"
"2025","generacion","https://mem.gob.do/category/sector-electrico/boletin-de-generacion-y-gestion-de-energia/2025-boletin-de-generacion/","https://mem.gob.do/wp-content/uploads/2025/03/01.-Boletin-Informativo-Generacion-y-Gestion-Energia-Enero-2025-v3.pdf","mem_generacion_2025_01.-Boletin-Informativo-Generacion-y-Gestion-Energia-Enero-2025-v3.pdf","existing","91CEE2D76B4CA0D63747CCB3E00D8CA5C6A85F4EBC0CFF8CA975A3BC85F44C9C"
"2025","generacion","https://mem.gob.do/category/sector-electrico/boletin-de-generacion-y-gestion-de-energia/2025-boletin-de-generacion/","https://mem.gob.do/wp-content/uploads/2025/04/02.-Boletin-Informativo-Generacion-y-Gestion-Energia-Febrero-2025-V2.pdf","mem_generacion_2025_02.-Boletin-Informativo-Generacion-y-Gestion-Energia-Febrero-2025-V2.pdf","existing","20161DFE7F1A8CA898F06E7018EB56D89034A0CAC1D82113DF79346BB00AE6C9"
"2025","generacion","https://mem.gob.do/category/sector-electrico/boletin-de-generacion-y-gestion-de-energia/2025-boletin-de-generacion/","https://mem.gob.do/wp-content/uploads/2025/05/03.-Boletin-Informativo-Generacion-y-Gestion-Energia-Marzo-2025.pdf","mem_generacion_2025_03.-Boletin-Informativo-Generacion-y-Gestion-Energia-Marzo-2025.pdf","existing","751115D8B02B71E96C43FB4BC9F72DEA9F1E3AF072239CC9492FD86D4A63BE0B"
"2025","generacion","https://mem.gob.do/category/sector-electrico/boletin-de-generacion-y-gestion-de-energia/2025-boletin-de-generacion/","https://mem.gob.do/wp-content/uploads/2025/06/04.-Boletin-Informativo-Generacion-y-Gestion-Energia-Abril-2025.pdf","mem_generacion_2025_04.-Boletin-Informativo-Generacion-y-Gestion-Energia-Abril-2025.pdf","existing","5EBDF5A91E2F65650DEE99C5A11C01AAF3CBAF7AD3AEA83CDD1CB2CCEAF4D333"
"2025","generacion","https://mem.gob.do/category/sector-electrico/boletin-de-generacion-y-gestion-de-energia/2025-boletin-de-generacion/","https://mem.gob.do/wp-content/uploads/2025/08/05.-Boletin-Informativo-Generacion-y-Gestion-Energia-Mayo-2025-v5.pdf","mem_generacion_2025_05.-Boletin-Informativo-Generacion-y-Gestion-Energia-Mayo-2025-v5.pdf","existing","1AA4169FE877C1CE00F4B5CC024991E4D36058EF0CCD71C2C6F1E02B791B0C77"
"2025","generacion","https://mem.gob.do/category/sector-electrico/boletin-de-generacion-y-gestion-de-energia/2025-boletin-de-generacion/","https://mem.gob.do/wp-content/uploads/2025/08/06.-Boletin-Informativo-Generacion-y-Gestion-Energia-Junio-2025-v1-comprimido.pdf","mem_generacion_2025_06.-Boletin-Informativo-Generacion-y-Gestion-Energia-Junio-2025-v1-comprimido.pdf","existing","95807A29090B031EAC34F7A2DF726A4E57F44E81814F7E73F023B31309AE182A"
"2025","generacion","https://mem.gob.do/category/sector-electrico/boletin-de-generacion-y-gestion-de-energia/2025-boletin-de-generacion/","https://mem.gob.do/wp-content/uploads/2025/09/07.-Boletin-Informativo-Generacion-y-Gestion-Energia-Julio-2025-v1.pdf","mem_generacion_2025_07.-Boletin-Informativo-Generacion-y-Gestion-Energia-Julio-2025-v1.pdf","existing","9D225B2267CA34F7944027273C70CD1177E4E3AF20801782F4BD0BBE957B2981"
"2025","generacion","https://mem.gob.do/category/sector-electrico/boletin-de-generacion-y-gestion-de-energia/2025-boletin-de-generacion/","https://mem.gob.do/wp-content/uploads/2025/10/08.-Boletin-Informativo-Generacion-y-Gestion-Energia-agosto-2025.pdf","mem_generacion_2025_08.-Boletin-Informativo-Generacion-y-Gestion-Energia-agosto-2025.pdf","existing","BABC28E18ADAC22E3B7FA91E4B77B8E4D0D8CC20764B7AE579E327A7BA95B8DF"
"2025","generacion","https://mem.gob.do/category/sector-electrico/boletin-de-generacion-y-gestion-de-energia/2025-boletin-de-generacion/","https://mem.gob.do/wp-content/uploads/2025/11/09.-Boletin-Informativo-Generacion-y-Gestion-Energia-septiembre-2025.pdf","mem_generacion_2025_09.-Boletin-Informativo-Generacion-y-Gestion-Energia-septiembre-2025.pdf","existing","6DEC5A33EE25E50C8668DD5A419B0E49D7683F9BFF38A4A825D2D530D31A4DAF"
"2025","generacion","https://mem.gob.do/category/sector-electrico/boletin-de-generacion-y-gestion-de-energia/2025-boletin-de-generacion/","https://mem.gob.do/wp-content/uploads/2026/02/10.-Boletin-Informativo-Generacion-y-Gestion-Energia-octubre-2025.pdf","mem_generacion_2025_10.-Boletin-Informativo-Generacion-y-Gestion-Energia-octubre-2025.pdf","existing","404E4BF67BDE883D339C97A424D1380DC7A0919F2176BE380A3E335176E7D966"
"2025","generacion","https://mem.gob.do/category/sector-electrico/boletin-de-generacion-y-gestion-de-energia/2025-boletin-de-generacion/","https://mem.gob.do/wp-content/uploads/2026/02/11.-Boletin-Informativo-Generacion-y-Gestion-Energia-noviembre-2025.pdf","mem_generacion_2025_11.-Boletin-Informativo-Generacion-y-Gestion-Energia-noviembre-2025.pdf","existing","EC69ADE346CF28E1BD530CB576022C8BD8F21B5472366C70FBDE3750826315EE"
"2025","generacion","https://mem.gob.do/category/sector-electrico/boletin-de-generacion-y-gestion-de-energia/2025-boletin-de-generacion/","https://mem.gob.do/wp-content/uploads/2026/02/12.-Boletin-Informativo-Generacion-y-Gestion-Energia-diciembre-2025-V1.pdf","mem_generacion_2025_12.-Boletin-Informativo-Generacion-y-Gestion-Energia-diciembre-2025-V1.pdf","existing","4372C7BFFD3699D54774B1A7FCD835374911D05EB4B3B214E937F778AE07CC41"
"2026","generacion","https://mem.gob.do/category/sector-electrico/boletin-de-generacion-y-gestion-de-energia/2026-boletin-de-generacion/","https://mem.gob.do/wp-content/uploads/2026/03/01.-Boletin-Informativo-Generacion-y-Gestion-Energia-Enero-2026.pdf","mem_generacion_2026_01.-Boletin-Informativo-Generacion-y-Gestion-Energia-Enero-2026.pdf","existing","11B7448139D459BA5C36FD2950A9740CAB9F81D30DE9F25A528F586142B0CAC1"
"2026","generacion","https://mem.gob.do/category/sector-electrico/boletin-de-generacion-y-gestion-de-energia/2026-boletin-de-generacion/","https://mem.gob.do/wp-content/uploads/2026/07/02.-Boletin-Informativo-Generacion-y-Gestion-Energia-Febrero-2026.pdf","mem_generacion_2026_02.-Boletin-Informativo-Generacion-y-Gestion-Energia-Febrero-2026.pdf","existing","5A17F85E6F2AF17A984BA9197F203264CE6E4EE3946D11C5309B6C3BC92860A1"
"2026","generacion","https://mem.gob.do/category/sector-electrico/boletin-de-generacion-y-gestion-de-energia/2026-boletin-de-generacion/","https://mem.gob.do/wp-content/uploads/2026/07/03.-Boletin-Informativo-Generacion-y-Gestion-Energia-Marzo-2026.pdf","mem_generacion_2026_03.-Boletin-Informativo-Generacion-y-Gestion-Energia-Marzo-2026.pdf","existing","1470C74F1C290A55D2CC53C931149F88ED951425D4EAB8BB89BB0DFE53425F28"
"2026","generacion","https://mem.gob.do/category/sector-electrico/boletin-de-generacion-y-gestion-de-energia/2026-boletin-de-generacion/","https://mem.gob.do/wp-content/uploads/2026/07/04.-Boletin-Informativo-Generacion-y-Gestion-Energia-Abril-2026.pdf","mem_generacion_2026_04.-Boletin-Informativo-Generacion-y-Gestion-Energia-Abril-2026.pdf","existing","C0ABA39E638C0A5E42454ECA1D5F45F4D0CEDB87CBC95396322A74F9BA6B6353"
"2026","generacion","https://mem.gob.do/category/sector-electrico/boletin-de-generacion-y-gestion-de-energia/2026-boletin-de-generacion/","https://mem.gob.do/wp-content/uploads/2026/07/05.-Boletin-Informativo-Generacion-y-Gestion-Energia-Mayo-2026.pdf","mem_generacion_2026_05.-Boletin-Informativo-Generacion-y-Gestion-Energia-Mayo-2026.pdf","existing","F1CA191E90749CD7704D003E20420772BC7029CCF8B0094CC25F707589B7DA13"
"2015","gestion-comercial","https://mem.gob.do/category/sector-electrico/informe-de-gestion-comercial/2015/","https://mem.gob.do/wp-content/uploads/2021/09/Informe-de-GestiA³n-Comercial-Dic15-Portal.pdf","mem_gestion-comercial_2015_Informe-de-GestiA_C2_B3n-Comercial-Dic15-Portal.pdf","existing","B5DADA31947AF3DABE50839537029906AAABD770940BE3124D24906EE13A8DB7"
"2016","gestion-comercial","https://mem.gob.do/category/sector-electrico/informe-de-gestion-comercial/2016/","https://mem.gob.do/wp-content/uploads/2021/09/Informe-de-Gestion-Comercial-Dic.-2016-Portal.pdf","mem_gestion-comercial_2016_Informe-de-Gestion-Comercial-Dic.-2016-Portal.pdf","existing","092230944A8FD8798C7F352DA1C223BFC4E036C4629965F5B9B5FE1A325DE683"
"2017","gestion-comercial","https://mem.gob.do/category/sector-electrico/informe-de-gestion-comercial/2017/","https://mem.gob.do/wp-content/uploads/2021/09/Informe-de-GestiA³n-Comercial-Diciembre-2017-.-1.pdf","mem_gestion-comercial_2017_Informe-de-GestiA_C2_B3n-Comercial-Diciembre-2017-.-1.pdf","existing","6B1113B53928B9752A20B57352A9111CDE318B05D174ACA9D7F5DEE77A50135E"
"2018","gestion-comercial","https://mem.gob.do/category/sector-electrico/informe-de-gestion-comercial/2018/","https://mem.gob.do/wp-content/uploads/2021/09/Informe-de-GestiA³n-Comercial-Diciembre-2018.pdf","mem_gestion-comercial_2018_Informe-de-GestiA_C2_B3n-Comercial-Diciembre-2018.pdf","existing","113545FF4576A69659B558A3A4DDB974C09092F451B526AC305494D1967C7C7A"
"2018","gestion-comercial","https://mem.gob.do/category/sector-electrico/informe-de-gestion-comercial/2018/","https://mem.gob.do/wp-content/uploads/2021/09/Informe-de-GestiA³n-Comercial-Noviembre-2018-Portal.pdf","mem_gestion-comercial_2018_Informe-de-GestiA_C2_B3n-Comercial-Noviembre-2018-Portal.pdf","existing","28FEFF053E64B89234E084E48F31F63B2CD154288FB3131E9415A3856983CEDD"
"2018","gestion-comercial","https://mem.gob.do/category/sector-electrico/informe-de-gestion-comercial/2018/","https://mem.gob.do/wp-content/uploads/2021/09/Informe-de-GestiA³n-Comercial-Octubre-2018-Portal.pdf","mem_gestion-comercial_2018_Informe-de-GestiA_C2_B3n-Comercial-Octubre-2018-Portal.pdf","existing","0CCCE38EDE36E1BA8E31C26023B3E5A44BD5CFA48D864760BE98693ECE13B92F"
"2019","gestion-comercial","https://mem.gob.do/category/sector-electrico/informe-de-gestion-comercial/2019/","https://mem.gob.do/wp-content/uploads/2021/09/Informe-de-GestiA³n-Comercial-Abril-2019-Portal.pdf","mem_gestion-comercial_2019_Informe-de-GestiA_C2_B3n-Comercial-Abril-2019-Portal.pdf","existing","B86D20D099BBB47A6099CA821D992AB07513442BF9A2F1372C8E11F6B5C18E99"
"2019","gestion-comercial","https://mem.gob.do/category/sector-electrico/informe-de-gestion-comercial/2019/","https://mem.gob.do/wp-content/uploads/2021/09/Informe-de-GestiA³n-Comercial-Enero-2019-Portal.pdf","mem_gestion-comercial_2019_Informe-de-GestiA_C2_B3n-Comercial-Enero-2019-Portal.pdf","existing","61F86152CFAAD940C73908E2EFCDC7157B34AE989F748CA5487DD72DC2FD45F0"
"2019","gestion-comercial","https://mem.gob.do/category/sector-electrico/informe-de-gestion-comercial/2019/","https://mem.gob.do/wp-content/uploads/2021/09/Informe-de-GestiA³n-Comercial-Febrero-2019-Portal.pdf","mem_gestion-comercial_2019_Informe-de-GestiA_C2_B3n-Comercial-Febrero-2019-Portal.pdf","existing","77A18AA4346A5F62827278B35FA94AF5BC65425606B52A86639F2C25E45DD6DA"
"2019","gestion-comercial","https://mem.gob.do/category/sector-electrico/informe-de-gestion-comercial/2019/","https://mem.gob.do/wp-content/uploads/2021/09/Informe-de-GestiA³n-Comercial-Julio-2019-Portal.pdf","mem_gestion-comercial_2019_Informe-de-GestiA_C2_B3n-Comercial-Julio-2019-Portal.pdf","existing","B2D1929B09A414EDC29B57A39EDC3C5DA0CB6511F8672044C8F55182565D486A"
"2019","gestion-comercial","https://mem.gob.do/category/sector-electrico/informe-de-gestion-comercial/2019/","https://mem.gob.do/wp-content/uploads/2021/09/Informe-de-GestiA³n-Comercial-Junio-2019-Portal.pdf","mem_gestion-comercial_2019_Informe-de-GestiA_C2_B3n-Comercial-Junio-2019-Portal.pdf","existing","AC797188F40296D91EEC835AFD31270AA2F9481C34E4710B6FBA0CD64048BC1B"
"2019","gestion-comercial","https://mem.gob.do/category/sector-electrico/informe-de-gestion-comercial/2019/","https://mem.gob.do/wp-content/uploads/2021/09/Informe-de-GestiA³n-Comercial-Marzo-2019-Portal.pdf","mem_gestion-comercial_2019_Informe-de-GestiA_C2_B3n-Comercial-Marzo-2019-Portal.pdf","existing","8446497AD920C50FAC9B804A06AE05EE500E6248DABD8D687258A4CF5AB71E0A"
"2019","gestion-comercial","https://mem.gob.do/category/sector-electrico/informe-de-gestion-comercial/2019/","https://mem.gob.do/wp-content/uploads/2021/09/Informe-de-GestiA³n-Comercial-Septiembre-2019-Portal.pdf","mem_gestion-comercial_2019_Informe-de-GestiA_C2_B3n-Comercial-Septiembre-2019-Portal.pdf","existing","49BF5BDABE3FDCC1C6EC37BDD0A303085D422EB9F5BBF2B5B16E5908AF3EA929"
"2019","gestion-comercial","https://mem.gob.do/category/sector-electrico/informe-de-gestion-comercial/2019/","https://mem.gob.do/wp-content/uploads/2021/09/Informe-de-Gestion-Comercial-Agosto-2019.pdf","mem_gestion-comercial_2019_Informe-de-Gestion-Comercial-Agosto-2019.pdf","existing","BB5F008CDEE39BB8184BC51776CB31DDB1ECB3C453DB3D94CCB6B0964FCBC9D1"
"2019","gestion-comercial","https://mem.gob.do/category/sector-electrico/informe-de-gestion-comercial/2019/","https://mem.gob.do/wp-content/uploads/2021/09/Informe-de-Gestion-Comercial-Mayo-2019.pdf","mem_gestion-comercial_2019_Informe-de-Gestion-Comercial-Mayo-2019.pdf","existing","AA534CEA6937C546545A8C02A3DF6C28FB61FDADFBD9CF12B1A3FBA1D5FF77CF"
"2019","gestion-comercial","https://mem.gob.do/category/sector-electrico/informe-de-gestion-comercial/2019/","https://mem.gob.do/wp-content/uploads/2021/09/Informe-de-Gestion-Comercial-Noviembre-2019-Portal.pdf","mem_gestion-comercial_2019_Informe-de-Gestion-Comercial-Noviembre-2019-Portal.pdf","existing","8AF4DC4DD1D070B734C730FE397D51B46D891FA2E57B119FF4431A224FB78DA4"
"2019","gestion-comercial","https://mem.gob.do/category/sector-electrico/informe-de-gestion-comercial/2019/","https://mem.gob.do/wp-content/uploads/2021/09/Informe-de-Gestion-Comercial-Octubre-2019-Portal.pdf","mem_gestion-comercial_2019_Informe-de-Gestion-Comercial-Octubre-2019-Portal.pdf","existing","468897A13D18C31D1667CB4651614258151A4807D64F65C7B7DB0589235D0888"
"2020","gestion-comercial","https://mem.gob.do/category/sector-electrico/informe-de-gestion-comercial/2020/","https://mem.gob.do/wp-content/uploads/2021/09/Informe-de-GestiA³n-Comercial-Enero-2020-Portal.pdf","mem_gestion-comercial_2020_Informe-de-GestiA_C2_B3n-Comercial-Enero-2020-Portal.pdf","existing","3AA1750174091281F885DAAF27EDE9DB8B2BC4656A10FB7CCC3B0F62D73276FC"
"2020","gestion-comercial","https://mem.gob.do/category/sector-electrico/informe-de-gestion-comercial/2020/","https://mem.gob.do/wp-content/uploads/2021/09/Informe-de-GestiA³n-Comercial-Febrero-2020-Portal-1.pdf","mem_gestion-comercial_2020_Informe-de-GestiA_C2_B3n-Comercial-Febrero-2020-Portal-1.pdf","existing","34D79DABEAD96AFC7ED55D9B67E56FFEF77407E413097FFFED474B790AC68FF1"
"2020","gestion-comercial","https://mem.gob.do/category/sector-electrico/informe-de-gestion-comercial/2020/","https://mem.gob.do/wp-content/uploads/2021/09/Informe-de-GestiA³n-Comercial-Marzo-2020-Portal.pdf","mem_gestion-comercial_2020_Informe-de-GestiA_C2_B3n-Comercial-Marzo-2020-Portal.pdf","existing","5432FC6B28D793611AC23499A93BC81B458521FFC34902B9A0D77626E4AD1DA1"
"2020","gestion-comercial","https://mem.gob.do/category/sector-electrico/informe-de-gestion-comercial/2020/","https://mem.gob.do/wp-content/uploads/2021/09/Informe-de-Gestion-Comercial-Abril-2020-Portal.pdf","mem_gestion-comercial_2020_Informe-de-Gestion-Comercial-Abril-2020-Portal.pdf","existing","81BEA97C095AE9EF47F89615D87F1E86D7168C56B71E57A6B092D19E2DFF561C"
"2020","gestion-comercial","https://mem.gob.do/category/sector-electrico/informe-de-gestion-comercial/2020/","https://mem.gob.do/wp-content/uploads/2021/09/Informe-de-Gestion-Comercial-Agosto-2020-Portal.pdf","mem_gestion-comercial_2020_Informe-de-Gestion-Comercial-Agosto-2020-Portal.pdf","existing","353CC1F51D9FF745BECAD37796D1F4CB6FB5303D814B79EC2D173510C44A6E24"
"2020","gestion-comercial","https://mem.gob.do/category/sector-electrico/informe-de-gestion-comercial/2020/","https://mem.gob.do/wp-content/uploads/2021/09/Informe-de-Gestion-Comercial-Diciembre-2020-Portal.pdf","mem_gestion-comercial_2020_Informe-de-Gestion-Comercial-Diciembre-2020-Portal.pdf","existing","FF6F73AFFE109FFC7318F075965AE316BFB43921EC412AD7AF863673B741081D"
"2020","gestion-comercial","https://mem.gob.do/category/sector-electrico/informe-de-gestion-comercial/2020/","https://mem.gob.do/wp-content/uploads/2021/09/Informe-de-Gestion-Comercial-Julio-2020-Portal.pdf","mem_gestion-comercial_2020_Informe-de-Gestion-Comercial-Julio-2020-Portal.pdf","existing","22BB3AC8DEF55D5B9055E53CE2F3786FF994D180B4BC4DEBD2BB118CFA80C7BF"
"2020","gestion-comercial","https://mem.gob.do/category/sector-electrico/informe-de-gestion-comercial/2020/","https://mem.gob.do/wp-content/uploads/2021/09/Informe-de-Gestion-Comercial-Junio-2020-Portal.pdf","mem_gestion-comercial_2020_Informe-de-Gestion-Comercial-Junio-2020-Portal.pdf","existing","FFEE7AF655BB5AA4FDAAC70679E938DF50AEC50700404A101C4278BFACE4D785"
"2020","gestion-comercial","https://mem.gob.do/category/sector-electrico/informe-de-gestion-comercial/2020/","https://mem.gob.do/wp-content/uploads/2021/09/Informe-de-Gestion-Comercial-Mayo-2020-Portal_2.pdf","mem_gestion-comercial_2020_Informe-de-Gestion-Comercial-Mayo-2020-Portal_2.pdf","existing","29CD89ECAFFE96D818937C431933444653D141F5F8D070169E2936C8E8C94701"
"2020","gestion-comercial","https://mem.gob.do/category/sector-electrico/informe-de-gestion-comercial/2020/","https://mem.gob.do/wp-content/uploads/2021/09/Informe-de-Gestion-Comercial-Octubre-2020-Portal.pdf","mem_gestion-comercial_2020_Informe-de-Gestion-Comercial-Octubre-2020-Portal.pdf","existing","C0055ADF2D589E8C7E037E9562B376C07E7277AE257316F871C5445EF7D5F043"
"2020","gestion-comercial","https://mem.gob.do/category/sector-electrico/informe-de-gestion-comercial/2020/","https://mem.gob.do/wp-content/uploads/2021/09/Informe-de-Gestion-Comercial-Septiembre-2020-Portal.pdf","mem_gestion-comercial_2020_Informe-de-Gestion-Comercial-Septiembre-2020-Portal.pdf","existing","A9B29E805B68293AFB40B192EDFF172709E7F87E12407C5EE57A005937423814"
"2021","gestion-comercial","https://mem.gob.do/category/sector-electrico/informe-de-gestion-comercial/2021/","https://mem.gob.do/wp-content/uploads/2021/09/Informe-de-Gestion-Comercial-Abril-2021-Portal...pdf","mem_gestion-comercial_2021_Informe-de-Gestion-Comercial-Abril-2021-Portal...pdf","existing","46358FC9B233FF87B54769E3A8964B4745A88DA119E7050DD857DB6CBD34B85B"
"2021","gestion-comercial","https://mem.gob.do/category/sector-electrico/informe-de-gestion-comercial/2021/","https://mem.gob.do/wp-content/uploads/2021/11/Informe-de-Gestion-Comercial-Agosto-2021-Portal.pdf","mem_gestion-comercial_2021_Informe-de-Gestion-Comercial-Agosto-2021-Portal.pdf","existing","85555888D03C18A7083F4C689BF714035036B5CF14F0706BF68B4393D8282915"
"2021","gestion-comercial","https://mem.gob.do/category/sector-electrico/informe-de-gestion-comercial/2021/","https://mem.gob.do/wp-content/uploads/2022/02/Informe-de-Gestion-Comercial-Diciembre-2021-Portal.pdf","mem_gestion-comercial_2021_Informe-de-Gestion-Comercial-Diciembre-2021-Portal.pdf","existing","B3D57D802B51C0B60571C9E7C4AF3CC0AAA21AD204DF913884ACC8FAF34E26F1"
"2021","gestion-comercial","https://mem.gob.do/category/sector-electrico/informe-de-gestion-comercial/2021/","https://mem.gob.do/wp-content/uploads/2021/09/Informe-de-Gestion-Comercial-Enero-2021-Portal.pdf","mem_gestion-comercial_2021_Informe-de-Gestion-Comercial-Enero-2021-Portal.pdf","existing","7CC37162E9424058E920C4C83FD8F4368EE98BAC8AC8DD3CE53595AE00075BBA"
"2021","gestion-comercial","https://mem.gob.do/category/sector-electrico/informe-de-gestion-comercial/2021/","https://mem.gob.do/wp-content/uploads/2021/09/Informe-de-Gestion-Comercial-Febrero-2021-Portal.pdf","mem_gestion-comercial_2021_Informe-de-Gestion-Comercial-Febrero-2021-Portal.pdf","existing","3777376C9CBFDFE5CF1233BBF859B4ECAA04468576DDB074CB1C13C67E2E389E"
"2021","gestion-comercial","https://mem.gob.do/category/sector-electrico/informe-de-gestion-comercial/2021/","https://mem.gob.do/wp-content/uploads/2021/09/Informe-de-Gestion-Comercial-Julio-2021-Portal.pdf","mem_gestion-comercial_2021_Informe-de-Gestion-Comercial-Julio-2021-Portal.pdf","existing","8A8E80BD5B91C3A0F228987EE01528C56AA4AF90A4D493EF00C181A8E87D0947"
"2021","gestion-comercial","https://mem.gob.do/category/sector-electrico/informe-de-gestion-comercial/2021/","https://mem.gob.do/wp-content/uploads/2021/09/Informe-de-Gestion-Comercial-Junio-2021-Portal.pdf","mem_gestion-comercial_2021_Informe-de-Gestion-Comercial-Junio-2021-Portal.pdf","existing","902FB39CC95454DA6122EB8602C957767B254447AA08C69F5753F23E038AEEE3"
"2021","gestion-comercial","https://mem.gob.do/category/sector-electrico/informe-de-gestion-comercial/2021/","https://mem.gob.do/wp-content/uploads/2021/09/Informe-de-Gestion-Comercial-Marzo-2021-Portal.pdf","mem_gestion-comercial_2021_Informe-de-Gestion-Comercial-Marzo-2021-Portal.pdf","existing","F857903B5C5B93D113BBF7A2EA6226680E9785AA4205BAEC812AA24CF04A1549"
"2021","gestion-comercial","https://mem.gob.do/category/sector-electrico/informe-de-gestion-comercial/2021/","https://mem.gob.do/wp-content/uploads/2021/09/Informe-de-Gestion-Comercial-Mayo-2021-Portal.pdf","mem_gestion-comercial_2021_Informe-de-Gestion-Comercial-Mayo-2021-Portal.pdf","existing","7C2B00002C66AF6ADD31C954D1D600631DA563B39B3AA64FFB9CAD6AE5FF2478"
"2021","gestion-comercial","https://mem.gob.do/category/sector-electrico/informe-de-gestion-comercial/2021/","https://mem.gob.do/wp-content/uploads/2022/01/Informe-de-Gestion-Comercial-NUEVO-Noviembre-2021-Portal.pdf","mem_gestion-comercial_2021_Informe-de-Gestion-Comercial-NUEVO-Noviembre-2021-Portal.pdf","existing","9FCC6545C9F0364B5A46695A13F1571DAEEADB7E5B156813E6DC88765C8F68F0"
"2021","gestion-comercial","https://mem.gob.do/category/sector-electrico/informe-de-gestion-comercial/2021/","https://mem.gob.do/wp-content/uploads/2021/12/Informe-de-Gestion-Comercial-Octubre-2021-Portal.pdf","mem_gestion-comercial_2021_Informe-de-Gestion-Comercial-Octubre-2021-Portal.pdf","existing","B9292997BB774B2887CFB3A4927AB0251774323BB31DE9A99FD30535BEFC290C"
"2021","gestion-comercial","https://mem.gob.do/category/sector-electrico/informe-de-gestion-comercial/2021/","https://mem.gob.do/wp-content/uploads/2021/11/Informe-de-Gestion-Comercial-Septiembre-2021-Portal.pdf","mem_gestion-comercial_2021_Informe-de-Gestion-Comercial-Septiembre-2021-Portal.pdf","existing","153DC477696E3010521DAB165A98FB7CC26BBDFB1DD29B17463CCA5DFFC2DF36"
"2022","gestion-comercial","https://mem.gob.do/category/sector-electrico/informe-de-gestion-comercial/2022/","https://mem.gob.do/wp-content/uploads/2022/06/Informe-de-Gestion-Comercial-Abril-2022-Portal.pdf","mem_gestion-comercial_2022_Informe-de-Gestion-Comercial-Abril-2022-Portal.pdf","existing","729BCABE4A2D8B17B0292848F23DA1EADBE9DB6DCD37C6AC939A44AAB10D2867"
"2022","gestion-comercial","https://mem.gob.do/category/sector-electrico/informe-de-gestion-comercial/2022/","https://mem.gob.do/wp-content/uploads/2023/02/Informe-de-Gestion-Comercial-Diciembre-2022-Portal.pdf","mem_gestion-comercial_2022_Informe-de-Gestion-Comercial-Diciembre-2022-Portal.pdf","existing","EC71BA9E95FB920B428139C8E8BCAE0603201F2EB9C259C121A54B9FE7EB7A00"
"2022","gestion-comercial","https://mem.gob.do/category/sector-electrico/informe-de-gestion-comercial/2022/","https://mem.gob.do/wp-content/uploads/2022/03/Informe-de-Gestion-Comercial-Enero-2022-Portal.pdf","mem_gestion-comercial_2022_Informe-de-Gestion-Comercial-Enero-2022-Portal.pdf","existing","FB4A0CD9E0E6384C0CCE4F930D9294AEDDA05F19E899A4C97D366BF20B41712F"
"2022","gestion-comercial","https://mem.gob.do/category/sector-electrico/informe-de-gestion-comercial/2022/","https://mem.gob.do/wp-content/uploads/2022/04/Informe-de-Gestion-Comercial-Febrero-2022-Portal.pdf","mem_gestion-comercial_2022_Informe-de-Gestion-Comercial-Febrero-2022-Portal.pdf","existing","1437D4E7B83A438230C89EBECA5946D2D19083CDDBC8DDD92CC6DE8BE6E05CDB"
"2022","gestion-comercial","https://mem.gob.do/category/sector-electrico/informe-de-gestion-comercial/2022/","https://mem.gob.do/wp-content/uploads/2022/09/Informe-de-Gestion-Comercial-Juliio-2022-Portal.pdf","mem_gestion-comercial_2022_Informe-de-Gestion-Comercial-Juliio-2022-Portal.pdf","existing","5EFDAE36F5075C50349BCEF5C86D179E932B1EA2CA8C00A1782D5861EF3B3120"
"2022","gestion-comercial","https://mem.gob.do/category/sector-electrico/informe-de-gestion-comercial/2022/","https://mem.gob.do/wp-content/uploads/2022/08/Informe-de-Gestion-Comercial-Juniio-2022-Portal.pdf","mem_gestion-comercial_2022_Informe-de-Gestion-Comercial-Juniio-2022-Portal.pdf","existing","74514E1FB941375E32389157C8D4DCBB782F05635EE4654E34815B1FF12B3774"
"2022","gestion-comercial","https://mem.gob.do/category/sector-electrico/informe-de-gestion-comercial/2022/","https://mem.gob.do/wp-content/uploads/2022/05/Informe-de-Gestion-Comercial-Marzo-2022-Portal-1.pdf","mem_gestion-comercial_2022_Informe-de-Gestion-Comercial-Marzo-2022-Portal-1.pdf","existing","F05B3E7C9258C9748FE6FD93036ADF2BFF7F5C3BFAB3341E2B456463033C83A0"
"2022","gestion-comercial","https://mem.gob.do/category/sector-electrico/informe-de-gestion-comercial/2022/","https://mem.gob.do/wp-content/uploads/2022/07/Informe-de-Gestion-Comercial-Mayo-2022-Portal.pdf","mem_gestion-comercial_2022_Informe-de-Gestion-Comercial-Mayo-2022-Portal.pdf","existing","94C475998DD58712E63CA3A9094953B993C7D95612A87313276197332052316D"
"2022","gestion-comercial","https://mem.gob.do/category/sector-electrico/informe-de-gestion-comercial/2022/","https://mem.gob.do/wp-content/uploads/2023/02/Informe-de-Gestion-Comercial-Noviembre-2022-Portal.pdf","mem_gestion-comercial_2022_Informe-de-Gestion-Comercial-Noviembre-2022-Portal.pdf","existing","D6298AF43AC60F494B03D45D62B7F384AF5E5343C6364D7831F974599AEA4323"
"2022","gestion-comercial","https://mem.gob.do/category/sector-electrico/informe-de-gestion-comercial/2022/","https://mem.gob.do/wp-content/uploads/2022/12/Informe-de-Gestion-Comercial-Octubre-2022-Portal.pdf","mem_gestion-comercial_2022_Informe-de-Gestion-Comercial-Octubre-2022-Portal.pdf","existing","463959C79338CE9F6B2F4D5489EAEBB98529B0DF45BD8C640C9093024A7CA12E"
"2022","gestion-comercial","https://mem.gob.do/category/sector-electrico/informe-de-gestion-comercial/2022/","https://mem.gob.do/wp-content/uploads/2022/11/Informe-de-Gestion-Comercial-Septiembre-2022-Portal.pdf","mem_gestion-comercial_2022_Informe-de-Gestion-Comercial-Septiembre-2022-Portal.pdf","existing","B970FAD60C24187A5551BBD51B278495269EBF903F404C6DE596AF541F2B0DC1"
"2022","gestion-comercial","https://mem.gob.do/category/sector-electrico/informe-de-gestion-comercial/2022/","https://mem.gob.do/wp-content/uploads/2022/10/Nuevo-Informe-de-Gestion-Comercial-Agosto-2022-Portal-Nuevo.pdf","mem_gestion-comercial_2022_Nuevo-Informe-de-Gestion-Comercial-Agosto-2022-Portal-Nuevo.pdf","existing","A4EE7426ED7CAD250A997A6AFA742D6CE0551DBA69F8AC69AFCF2F41AC1943A8"
"2023","gestion-comercial","https://mem.gob.do/category/sector-electrico/informe-de-gestion-comercial/2023/","https://mem.gob.do/wp-content/uploads/2023/06/Informe-de-Gestion-Comercial-de-las-EDE-Abril-2023-Portal.pdf","mem_gestion-comercial_2023_Informe-de-Gestion-Comercial-de-las-EDE-Abril-2023-Portal.pdf","existing","1374B125AA018CAA61425E54B663549B36118EF8EF79F0B834363224AD5A6101"
"2023","gestion-comercial","https://mem.gob.do/category/sector-electrico/informe-de-gestion-comercial/2023/","https://mem.gob.do/wp-content/uploads/2023/10/Informe-de-Gestion-Comercial-de-las-EDE-Agosto-2023-NUEVO-Portal.pdf","mem_gestion-comercial_2023_Informe-de-Gestion-Comercial-de-las-EDE-Agosto-2023-NUEVO-Portal.pdf","existing","533237E377B31796C23A0F775BD9C1104C593C33E09D6A777BC1F529B3EC6CF9"
"2023","gestion-comercial","https://mem.gob.do/category/sector-electrico/informe-de-gestion-comercial/2023/","https://mem.gob.do/wp-content/uploads/2024/02/Informe-de-Gestion-Comercial-de-las-EDE-Diciembre-2023-Portal.pdf","mem_gestion-comercial_2023_Informe-de-Gestion-Comercial-de-las-EDE-Diciembre-2023-Portal.pdf","existing","8C3DF3F3EF8AA7071B3604729C0ADC7D9B617FCAF3DD8B5EE39DE9C4FC10A2DF"
"2023","gestion-comercial","https://mem.gob.do/category/sector-electrico/informe-de-gestion-comercial/2023/","https://mem.gob.do/wp-content/uploads/2023/04/Informe-de-Gestion-Comercial-de-las-EDE-Febrero-2023-Portal.pdf","mem_gestion-comercial_2023_Informe-de-Gestion-Comercial-de-las-EDE-Febrero-2023-Portal.pdf","existing","19CAA8ECE592E4A709C8707947BD149CB6082DA960227FE93559D92F156AE129"
"2023","gestion-comercial","https://mem.gob.do/category/sector-electrico/informe-de-gestion-comercial/2023/","https://mem.gob.do/wp-content/uploads/2023/09/Informe-de-Gestion-Comercial-de-las-EDE-Julio-2023-Portal.pdf","mem_gestion-comercial_2023_Informe-de-Gestion-Comercial-de-las-EDE-Julio-2023-Portal.pdf","existing","6EB67968FAB0B0AF91E8EBFBF71A31999E61BE548E998A2CC25E1471D5B61714"
"2023","gestion-comercial","https://mem.gob.do/category/sector-electrico/informe-de-gestion-comercial/2023/","https://mem.gob.do/wp-content/uploads/2023/09/Informe-de-Gestion-Comercial-de-las-EDE-Junio-2023-Portal.pdf","mem_gestion-comercial_2023_Informe-de-Gestion-Comercial-de-las-EDE-Junio-2023-Portal.pdf","existing","41D5B1FC80D571F5D189DD947357AD0AAAE7CCD61A36B2FC8FBF20BA86B9A246"
"2023","gestion-comercial","https://mem.gob.do/category/sector-electrico/informe-de-gestion-comercial/2023/","https://mem.gob.do/wp-content/uploads/2023/05/Informe-de-Gestion-Comercial-de-las-EDE-Marzo-2023-Portal.pdf","mem_gestion-comercial_2023_Informe-de-Gestion-Comercial-de-las-EDE-Marzo-2023-Portal.pdf","existing","F44DD7826CAE6A13A62D0860506AA19A335CDBC80A830EEBD14F5D9DF5D62497"
"2023","gestion-comercial","https://mem.gob.do/category/sector-electrico/informe-de-gestion-comercial/2023/","https://mem.gob.do/wp-content/uploads/2023/07/Informe-de-Gestion-Comercial-de-las-EDE-Mayo-2023-Portal-V2.pdf","mem_gestion-comercial_2023_Informe-de-Gestion-Comercial-de-las-EDE-Mayo-2023-Portal-V2.pdf","existing","9A14FBBC9DC4F0A572E1EF6878AC2C6A3A4B66117E46D73E3B90DC60F4EE034F"
"2023","gestion-comercial","https://mem.gob.do/category/sector-electrico/informe-de-gestion-comercial/2023/","https://mem.gob.do/wp-content/uploads/2024/01/Informe-de-Gestion-Comercial-de-las-EDE-Noviembre-2023-Portal.pdf","mem_gestion-comercial_2023_Informe-de-Gestion-Comercial-de-las-EDE-Noviembre-2023-Portal.pdf","existing","633DACB96CA08CBD3A82E874F0E8EDBFE1D1FCC7C01E69D755E31555A73C7381"
"2023","gestion-comercial","https://mem.gob.do/category/sector-electrico/informe-de-gestion-comercial/2023/","https://mem.gob.do/wp-content/uploads/2024/01/Informe-de-Gestion-Comercial-de-las-EDE-Octubre-2023-Portal.pdf","mem_gestion-comercial_2023_Informe-de-Gestion-Comercial-de-las-EDE-Octubre-2023-Portal.pdf","existing","0E19BE8A97CC90015A9AFE5924CDC9BB9447B2B43FF66B2CCD9A5A0D0EF7AFD9"
"2023","gestion-comercial","https://mem.gob.do/category/sector-electrico/informe-de-gestion-comercial/2023/","https://mem.gob.do/wp-content/uploads/2023/12/Informe-de-Gestion-Comercial-de-las-EDE-Septiembre-2023-Portal.pdf","mem_gestion-comercial_2023_Informe-de-Gestion-Comercial-de-las-EDE-Septiembre-2023-Portal.pdf","existing","EA45A5C82FAED14D3D0C3508B84056E388C6BEE1B035ED8E677A573082617F9A"
"2023","gestion-comercial","https://mem.gob.do/category/sector-electrico/informe-de-gestion-comercial/2023/","https://mem.gob.do/wp-content/uploads/2023/04/Informe-de-Gestion-Comercial-Enero-2023-Portal.pdf","mem_gestion-comercial_2023_Informe-de-Gestion-Comercial-Enero-2023-Portal.pdf","existing","7B9D0D40122A60EE287E45372E07E2D1392D9BBF244CD2612A1E95A7381E8BD2"
"2024","gestion-comercial","https://mem.gob.do/category/sector-electrico/informe-de-gestion-comercial/2024/","https://mem.gob.do/wp-content/uploads/2024/10/Informe-de-Gestion-Comercial-de-las-EDE_-agosto-2024-Portal.pdf","mem_gestion-comercial_2024_Informe-de-Gestion-Comercial-de-las-EDE_-agosto-2024-Portal.pdf","existing","A88C1DAE092797ACD9C5B2CBFF25B09961A030EC44C31EE5481E498669418418"
"2024","gestion-comercial","https://mem.gob.do/category/sector-electrico/informe-de-gestion-comercial/2024/","https://mem.gob.do/wp-content/uploads/2024/10/Informe-de-Gestion-Comercial-de-las-EDE_-Julio-2024-Portal.pdf","mem_gestion-comercial_2024_Informe-de-Gestion-Comercial-de-las-EDE_-Julio-2024-Portal.pdf","existing","A2410A906496635BACFC11B09A4F6BB4D7D61A91AF6A6A35DCB3BB63C7C17F53"
"2024","gestion-comercial","https://mem.gob.do/category/sector-electrico/informe-de-gestion-comercial/2024/","https://mem.gob.do/wp-content/uploads/2024/07/Informe-de-Gestion-Comercial-de-las-EDE-Abril-2024-Portal.pdf","mem_gestion-comercial_2024_Informe-de-Gestion-Comercial-de-las-EDE-Abril-2024-Portal.pdf","existing","C4E4B28DFB4063BBD1AD2F47ECD13D3D11215B3456A17348452588BA378904F0"
"2024","gestion-comercial","https://mem.gob.do/category/sector-electrico/informe-de-gestion-comercial/2024/","https://mem.gob.do/wp-content/uploads/2025/03/Informe-de-Gestion-Comercial-de-las-EDE-diciembre-2024-Portal.pdf","mem_gestion-comercial_2024_Informe-de-Gestion-Comercial-de-las-EDE-diciembre-2024-Portal.pdf","existing","F570E298F3066B1BFF76F5EE576A9D364FD2AB82B16C6B59C8714253A84E66E1"
"2024","gestion-comercial","https://mem.gob.do/category/sector-electrico/informe-de-gestion-comercial/2024/","https://mem.gob.do/wp-content/uploads/2024/04/Informe-de-Gestion-Comercial-de-las-EDE-Enero-2024-Portal.pdf","mem_gestion-comercial_2024_Informe-de-Gestion-Comercial-de-las-EDE-Enero-2024-Portal.pdf","existing","F9675B06CF5D0836C61154D0720A96796C5CC01847E8949BD077F05505014BD3"
"2024","gestion-comercial","https://mem.gob.do/category/sector-electrico/informe-de-gestion-comercial/2024/","https://mem.gob.do/wp-content/uploads/2024/05/Informe-de-Gestion-Comercial-de-las-EDE-Febrero-2024-Portal.pdf","mem_gestion-comercial_2024_Informe-de-Gestion-Comercial-de-las-EDE-Febrero-2024-Portal.pdf","existing","7B8A14AE2B705C412FA7996014B4807F38E9E40C3F981C57739671B42F1596F4"
"2024","gestion-comercial","https://mem.gob.do/category/sector-electrico/informe-de-gestion-comercial/2024/","https://mem.gob.do/wp-content/uploads/2024/08/Informe-de-Gestion-Comercial-de-las-EDE-Junio-2024-Portal.pdf","mem_gestion-comercial_2024_Informe-de-Gestion-Comercial-de-las-EDE-Junio-2024-Portal.pdf","existing","B0D1364639BDDBDC0C53A1BCBE482E2B74357621D9E669AE0E83D0C65936AB15"
"2024","gestion-comercial","https://mem.gob.do/category/sector-electrico/informe-de-gestion-comercial/2024/","https://mem.gob.do/wp-content/uploads/2024/07/Informe-de-Gestion-Comercial-de-las-EDE-Marzo-2024-Portal.pdf","mem_gestion-comercial_2024_Informe-de-Gestion-Comercial-de-las-EDE-Marzo-2024-Portal.pdf","existing","F8DB087FE514525F03CA4071393591C00240D7CDEAA3E65408EB3CE9326A8A5C"
"2024","gestion-comercial","https://mem.gob.do/category/sector-electrico/informe-de-gestion-comercial/2024/","https://mem.gob.do/wp-content/uploads/2024/08/Informe-de-Gestion-Comercial-de-las-EDE-Mayo-2024-Portal.pdf","mem_gestion-comercial_2024_Informe-de-Gestion-Comercial-de-las-EDE-Mayo-2024-Portal.pdf","existing","B92E50BB320EC6E29E1015F12E2801568E5F10CEFE343245918B6FBE30E91826"
"2024","gestion-comercial","https://mem.gob.do/category/sector-electrico/informe-de-gestion-comercial/2024/","https://mem.gob.do/wp-content/uploads/2025/02/Informe-de-Gestion-Comercial-de-las-EDE-noviembre-2024-Portal.pdf","mem_gestion-comercial_2024_Informe-de-Gestion-Comercial-de-las-EDE-noviembre-2024-Portal.pdf","existing","7CE394BAA95C652A7FBB7F493F4104817E216CDA602A4757CE7226CC6E3746A8"
"2024","gestion-comercial","https://mem.gob.do/category/sector-electrico/informe-de-gestion-comercial/2024/","https://mem.gob.do/wp-content/uploads/2025/01/Informe-de-Gestion-Comercial-de-las-EDE-octubre-2024-Portal.pdf","mem_gestion-comercial_2024_Informe-de-Gestion-Comercial-de-las-EDE-octubre-2024-Portal.pdf","existing","185877B74610498AAA7D96030E19FB103924DC06742B98E5EEF8B7B33E5EB7B2"
"2024","gestion-comercial","https://mem.gob.do/category/sector-electrico/informe-de-gestion-comercial/2024/","https://mem.gob.do/wp-content/uploads/2024/12/Informe-de-Gestion-Comercial-de-las-EDE-septiembre-2024-Portal.pdf","mem_gestion-comercial_2024_Informe-de-Gestion-Comercial-de-las-EDE-septiembre-2024-Portal.pdf","existing","8B9C4CB4ABE4DCEB73D34ECBAFC75EF7BF3E96148B8EFF2C6ABD73AC4FB91C93"
"2025","gestion-comercial","https://mem.gob.do/category/sector-electrico/informe-de-gestion-comercial/2025/","https://mem.gob.do/wp-content/uploads/2026/02/Informe_Gestion_Comercial_EDE_-diciembre_2025.pdf","mem_gestion-comercial_2025_Informe_Gestion_Comercial_EDE_-diciembre_2025.pdf","existing","2C53D5FDCE9733AA9E6E0833C74BB19A5B0EF8B32936FC40FA1D93BBAEA1CA41"
"2025","gestion-comercial","https://mem.gob.do/category/sector-electrico/informe-de-gestion-comercial/2025/","https://mem.gob.do/wp-content/uploads/2026/01/Informe_Gestion_Comercial_EDE_nov_2025.pdf","mem_gestion-comercial_2025_Informe_Gestion_Comercial_EDE_nov_2025.pdf","existing","2AC26CB9451891C4052C9DB227BCFD7EE6BE935BA7F2CEB812CCB6E434D346C6"
"2025","gestion-comercial","https://mem.gob.do/category/sector-electrico/informe-de-gestion-comercial/2025/","https://mem.gob.do/wp-content/uploads/2025/06/Informe-de-Gestion-Comercial-de-las-EDE.-marzo-2025-Version-Definitiva.pdf","mem_gestion-comercial_2025_Informe-de-Gestion-Comercial-de-las-EDE.-marzo-2025-Version-Definitiva.pdf","existing","2987986FD8BEFAF50A155BAA32A129A49EAA531B7DF6872F7998048C6AED6D69"
"2025","gestion-comercial","https://mem.gob.do/category/sector-electrico/informe-de-gestion-comercial/2025/","https://mem.gob.do/wp-content/uploads/2025/07/Informe-de-Gestion-Comercial-de-las-EDE-abril-2025.pdf","mem_gestion-comercial_2025_Informe-de-Gestion-Comercial-de-las-EDE-abril-2025.pdf","existing","1F44E66386B3F7555DFCA0B29F444A2E457DE173F47EC7C5E2BD91A24EC516C9"
"2025","gestion-comercial","https://mem.gob.do/category/sector-electrico/informe-de-gestion-comercial/2025/","https://mem.gob.do/wp-content/uploads/2025/10/Informe-de-Gestion-Comercial-de-las-EDE-agosto-2025.pdf","mem_gestion-comercial_2025_Informe-de-Gestion-Comercial-de-las-EDE-agosto-2025.pdf","existing","C3A98B6029139AD4D62D132D61D0C7D9E9160CAB1189F93E1A593641ECCB5C75"
"2025","gestion-comercial","https://mem.gob.do/category/sector-electrico/informe-de-gestion-comercial/2025/","https://mem.gob.do/wp-content/uploads/2025/04/Informe-de-Gestion-Comercial-de-las-EDE-enero-2025.pdf","mem_gestion-comercial_2025_Informe-de-Gestion-Comercial-de-las-EDE-enero-2025.pdf","existing","95663C6FA5CAF9207160789EA530F97EBFB914F8505FE3CC669F22DFEFD60B5F"
"2025","gestion-comercial","https://mem.gob.do/category/sector-electrico/informe-de-gestion-comercial/2025/","https://mem.gob.do/wp-content/uploads/2025/05/Informe-de-Gestion-Comercial-de-las-EDE-febrero-2025-Version-Definitiva.pdf","mem_gestion-comercial_2025_Informe-de-Gestion-Comercial-de-las-EDE-febrero-2025-Version-Definitiva.pdf","existing","6B58CF4F87C34E6D714209F5273CA04FCB2ACCD677B8A391B636D6FB14B9F09B"
"2025","gestion-comercial","https://mem.gob.do/category/sector-electrico/informe-de-gestion-comercial/2025/","https://mem.gob.do/wp-content/uploads/2025/09/Informe-de-Gestion-Comercial-de-las-EDE-julio-2025.pdf","mem_gestion-comercial_2025_Informe-de-Gestion-Comercial-de-las-EDE-julio-2025.pdf","existing","AB18A880D2D6F93227AAF8DAAECB99B896DCDC0CE27C9C2476B22409B94BAB64"
"2025","gestion-comercial","https://mem.gob.do/category/sector-electrico/informe-de-gestion-comercial/2025/","https://mem.gob.do/wp-content/uploads/2025/09/Informe-de-Gestion-Comercial-de-las-EDE-junio-2025-version-definitiva.pdf","mem_gestion-comercial_2025_Informe-de-Gestion-Comercial-de-las-EDE-junio-2025-version-definitiva.pdf","existing","790DB3C5FAEF8D64D3CE2D6EB14191EF222D4AA0068688E27B5E713AA8996978"
"2025","gestion-comercial","https://mem.gob.do/category/sector-electrico/informe-de-gestion-comercial/2025/","https://mem.gob.do/wp-content/uploads/2025/08/Informe-de-Gestion-Comercial-de-las-EDE-mayo-2025.pdf","mem_gestion-comercial_2025_Informe-de-Gestion-Comercial-de-las-EDE-mayo-2025.pdf","existing","00BA7BD419964E0751764E1D68660FCE96D1C495ABC14A21A945D79258A233CB"
"2025","gestion-comercial","https://mem.gob.do/category/sector-electrico/informe-de-gestion-comercial/2025/","https://mem.gob.do/wp-content/uploads/2025/11/Informe-de-Gestion-Comercial-de-las-EDE-septiembre-2025.pdf","mem_gestion-comercial_2025_Informe-de-Gestion-Comercial-de-las-EDE-septiembre-2025.pdf","existing","C2164D2A4C116DDDEAD074820A9E2067979371728F7BE0DF9D48DD63D5578656"
"2025","gestion-comercial","https://mem.gob.do/category/sector-electrico/informe-de-gestion-comercial/2025/","https://mem.gob.do/wp-content/uploads/2026/01/Informe-de-Gestion-Comercial-EDE-oct-2025-v3.pdf","mem_gestion-comercial_2025_Informe-de-Gestion-Comercial-EDE-oct-2025-v3.pdf","existing","EA10B7094D5C2D84463F0F5516377B382D12582C8D9FF1AA1BA9CDD4247C3AEB"
"2026","gestion-comercial","https://mem.gob.do/category/sector-electrico/informe-de-gestion-comercial/2026/","https://mem.gob.do/wp-content/uploads/2026/07/Informe_Gestion_Comercial_EDE_abril_2026.pdf","mem_gestion-comercial_2026_Informe_Gestion_Comercial_EDE_abril_2026.pdf","existing","FF4EF65B5284D2AC9FF9030A4C9909AAA0C1DB64F53085C611AD0F09FE07C704"
"2026","gestion-comercial","https://mem.gob.do/category/sector-electrico/informe-de-gestion-comercial/2026/","https://mem.gob.do/wp-content/uploads/2026/03/Informe_Gestion_Comercial_EDE_enero_2026.pdf","mem_gestion-comercial_2026_Informe_Gestion_Comercial_EDE_enero_2026.pdf","existing","1355EA4F72F300A3CC8378BFD3DFA831C396A1FF97E69B5BC881C94BB185DE8D"
"2026","gestion-comercial","https://mem.gob.do/category/sector-electrico/informe-de-gestion-comercial/2026/","https://mem.gob.do/wp-content/uploads/2026/04/Informe_Gestion_Comercial_EDE_febrero_2026.pdf","mem_gestion-comercial_2026_Informe_Gestion_Comercial_EDE_febrero_2026.pdf","existing","6422BB75F470AC953EA41604CCF3118983C179224FBD3BC96B80DDC92F6EF835"
"2026","gestion-comercial","https://mem.gob.do/category/sector-electrico/informe-de-gestion-comercial/2026/","https://mem.gob.do/wp-content/uploads/2026/06/Informe_Gestion_Comercial_EDE_marzo_2026-1.pdf","mem_gestion-comercial_2026_Informe_Gestion_Comercial_EDE_marzo_2026-1.pdf","existing","E7764ABD3364C5DF81B7B16AF2D887E66EC127119ACF4E3D97D25D0009270168"
