SID,BASIN,SUBBASIN,NAME,NATURE,Year,Month,Day,USA_WIND,USA_PRES,Categoría,Zona afectada
1852247N14309,NA,NA,Unnamed,TS,1852,9,6,0,0,Depresión tropical,Aguas archipelagicas
1852247N14309,NA,NA,Unnamed,TS,1852,9,6,0,0,Depresión tropical,Aguas archipelagicas
1856235N13302,NA,NA,Unnamed,TS,1856,8,24,0,0,Depresión tropical,Aguas archipelagicas
1856235N13302,NA,NA,Unnamed,TS,1856,8,24,0,0,Depresión tropical,Aguas archipelagicas
1861221N13316,NA,NA,Unnamed,TS,1861,8,13,0,0,Depresión tropical,Aguas archipelagicas
1861221N13316,NA,NA,Unnamed,TS,1861,8,14,0,0,Depresión tropical,Aguas archipelagicas
1861221N13316,NA,NA,Unnamed,TS,1861,8,14,0,0,Depresión tropical,Aguas archipelagicas
1863255N15300,NA,NA,Unnamed,TS,1863,9,13,0,0,Depresión tropical,Aguas archipelagicas
1864246N17315,NA,NA,Unnamed,TS,1864,9,7,0,0,Depresión tropical,Aguas archipelagicas
1864246N17315,NA,NA,Unnamed,TS,1864,9,7,0,0,Depresión tropical,Aguas archipelagicas
1864246N17315,NA,NA,Unnamed,TS,1864,9,8,0,0,Depresión tropical,Aguas archipelagicas
1864283N18290,NA,NA,Unnamed,TS,1864,10,8,0,0,Depresión tropical,Aguas archipelagicas
1864283N18290,NA,NA,Unnamed,TS,1864,10,9,0,0,Depresión tropical,Aguas archipelagicas
1864283N18290,NA,NA,Unnamed,TS,1864,10,9,0,0,Depresión tropical,Aguas archipelagicas
1865282N19289,NA,NA,Unnamed,TS,1865,10,8,0,0,Depresión tropical,Aguas archipelagicas
1865282N19289,NA,NA,Unnamed,TS,1865,10,8,0,0,Depresión tropical,Aguas archipelagicas
1865282N19289,NA,NA,Unnamed,TS,1865,10,9,0,0,Depresión tropical,Aguas archipelagicas
1865282N19289,NA,NA,Unnamed,TS,1865,10,9,0,0,Depresión tropical,Aguas archipelagicas
1865282N19289,NA,NA,Unnamed,TS,1865,10,9,0,0,Depresión tropical,Aguas archipelagicas
1865282N19289,NA,NA,Unnamed,TS,1865,10,9,0,0,Depresión tropical,Aguas archipelagicas
1867281N14301,NA,NA,Unnamed,TS,1867,10,10,0,0,Depresión tropical,Aguas archipelagicas
1867281N14301,NA,NA,Unnamed,TS,1867,10,10,0,0,Depresión tropical,Aguas archipelagicas
1867281N14301,NA,NA,Unnamed,TS,1867,10,10,0,0,Depresión tropical,Aguas archipelagicas
1868193N13303,NA,NA,Unnamed,TS,1868,7,13,0,0,Depresión tropical,Aguas archipelagicas
1868288N16291,NA,NA,Unnamed,TS,1868,10,14,0,0,Depresión tropical,Aguas archipelagicas
1868288N16291,NA,NA,Unnamed,TS,1868,10,15,0,0,Depresión tropical,Aguas archipelagicas
1872280N18291,NA,NA,Unnamed,TS,1872,10,5,0,0,Depresión tropical,Aguas archipelagicas
1872280N18291,NA,NA,Unnamed,TS,1872,10,6,0,0,Depresión tropical,Aguas archipelagicas
1876231N14303,NA,CS,Unnamed,TS,1876,8,20,0,0,Depresión tropical,Aguas archipelagicas
1878329N17310,NA,CS,Unnamed,TS,1878,12,1,0,0,Depresión tropical,Aguas archipelagicas
1878329N17310,NA,CS,Unnamed,TS,1878,12,1,0,0,Depresión tropical,Aguas archipelagicas
1878329N17310,NA,CS,Unnamed,TS,1878,12,1,0,0,Depresión tropical,Aguas archipelagicas
1878329N17310,NA,NA,Unnamed,TS,1878,12,2,0,0,Depresión tropical,Aguas archipelagicas
1887280N18289,NA,CS,Unnamed,TS,1887,10,7,0,0,Depresión tropical,Aguas archipelagicas
1976278N15321,NA,NA,Unnamed,TS,1976,10,12,18,0,Depresión tropical,Aguas archipelagicas
1979190N20290,NA,NA,Unnamed,TS,1979,7,8,20,0,Depresión tropical,Aguas archipelagicas
1979197N13314,NA,NA,Claudette,TS,1979,7,19,20,1012,Depresión tropical,Aguas archipelagicas
1979197N13314,NA,NA,Claudette,TS,1979,7,19,20,1012,Depresión tropical,Aguas archipelagicas
2009279N15311,NA,NA,Henri,DS,2009,10,11,20,1012,Depresión tropical,Aguas archipelagicas
2009279N15311,NA,NA,Henri,DS,2009,10,11,20,1013,Depresión tropical,Aguas archipelagicas
2024214N18298,NA,NA,Debby,DS,2024,8,1,20,1013,Depresión tropical,Aguas archipelagicas
1974246N10341,NA,NA,Unnamed,TS,1974,9,11,23,0,Depresión tropical,Aguas archipelagicas
1979190N20290,NA,NA,Unnamed,TS,1979,7,8,23,0,Depresión tropical,Aguas archipelagicas
2024214N18298,NA,NA,Debby,DS,2024,8,1,23,1013,Depresión tropical,Aguas archipelagicas
1959264N20292,NA,NA,Gracie,TS,1959,9,20,25,1009,Depresión tropical,Aguas archipelagicas
1959264N20292,NA,NA,Gracie,TS,1959,9,20,25,0,Depresión tropical,Aguas archipelagicas
1970274N15306,NA,NA,Unnamed,TS,1970,10,8,25,0,Depresión tropical,Aguas archipelagicas
1970274N15306,NA,NA,Unnamed,TS,1970,10,8,25,0,Depresión tropical,Aguas archipelagicas
1970274N15306,NA,NA,Unnamed,TS,1970,10,9,25,0,Depresión tropical,Aguas archipelagicas
1974246N10341,NA,NA,Unnamed,TS,1974,9,11,25,0,Depresión tropical,Aguas archipelagicas
1976278N15321,NA,NA,Unnamed,TS,1976,10,12,25,0,Depresión tropical,Aguas archipelagicas
1979197N13314,NA,NA,Claudette,TS,1979,7,18,25,1012,Depresión tropical,Aguas archipelagicas
2006213N16302,NA,NA,Chris,DS,2006,8,4,25,1011,Depresión tropical,Aguas archipelagicas
1934324N23299,NA,NA,Unnamed,TS,1934,11,28,28,0,Depresión tropical,Aguas archipelagicas
1950231N12306,NA,NA,Baker,TS,1950,8,24,28,0,Depresión tropical,Aguas archipelagicas
1889231N17291,NA,NA,Unnamed,TS,1889,8,20,30,0,Depresión tropical,Aguas archipelagicas
1889231N17291,NA,NA,Unnamed,TS,1889,8,20,30,0,Depresión tropical,Aguas archipelagicas
1900297N15296,NA,NA,Unnamed,TS,1900,10,25,30,0,Depresión tropical,Aguas archipelagicas
1932240N21291,NA,NA,Unnamed,TS,1932,8,27,30,0,Depresión tropical,Aguas archipelagicas
1933274N20290,NA,NA,Unnamed,TS,1933,10,1,30,0,Depresión tropical,Aguas archipelagicas
1933274N20290,NA,NA,Unnamed,TS,1933,10,1,30,0,Depresión tropical,Aguas archipelagicas
1935135N17292,NA,CS,Unnamed,TS,1935,5,15,30,1006,Depresión tropical,Aguas archipelagicas
1935135N17292,NA,NA,Unnamed,TS,1935,5,15,30,0,Depresión tropical,Aguas archipelagicas
1935135N17292,NA,NA,Unnamed,TS,1935,5,16,30,0,Depresión tropical,Aguas archipelagicas
1950231N12306,NA,NA,Baker,TS,1950,8,24,30,0,Depresión tropical,Aguas archipelagicas
1952268N20291,NA,NA,Charlie,TS,1952,9,24,30,0,Depresión tropical,Aguas archipelagicas
1969281N20292,NA,NA,Kara,TS,1969,10,7,30,0,Depresión tropical,Aguas archipelagicas
1969281N20292,NA,NA,Kara,TS,1969,10,8,30,0,Depresión tropical,Aguas archipelagicas
1970247N17316,NA,NA,Unnamed,TS,1970,9,13,30,0,Depresión tropical,Aguas archipelagicas
1971233N12313,NA,NA,Doria,TS,1971,8,24,30,0,Depresión tropical,Aguas archipelagicas
1982257N20291,NA,NA,Debby,TS,1982,9,13,30,1010,Depresión tropical,Aguas archipelagicas
1982257N20291,NA,NA,Debby,TS,1982,9,13,30,1009,Depresión tropical,Aguas archipelagicas
1988235N15317,NA,CS,Chris,TS,1988,8,25,30,1009,Depresión tropical,Aguas archipelagicas
1988235N15317,NA,NA,Chris,TS,1988,8,25,30,1008,Depresión tropical,Aguas archipelagicas
1993227N14301,NA,CS,Cindy,TS,1993,8,16,30,1009,Depresión tropical,Aguas archipelagicas
1997288N20291,NA,NA,Grace,ET,1997,10,14,30,1001,Depresión tropical,Aguas archipelagicas
2018186N10325,NA,CS,Beryl,DS,2018,7,10,30,1013,Depresión tropical,Aguas archipelagicas
1889231N17291,NA,NA,Unnamed,TS,1889,8,20,33,0,Depresión tropical,Aguas archipelagicas
1997288N20291,NA,NA,Grace,ET,1997,10,14,33,1000,Depresión tropical,Aguas archipelagicas
1889231N17291,NA,NA,Unnamed,TS,1889,8,20,35,0,Tormenta tropical,Aguas archipelagicas
1901252N18309,NA,NA,Unnamed,TS,1901,9,13,35,0,Tormenta tropical,Aguas archipelagicas
1919246N16299,NA,NA,Unnamed,TS,1919,9,4,35,0,Tormenta tropical,Aguas archipelagicas
1919246N16299,NA,NA,Unnamed,TS,1919,9,4,35,0,Tormenta tropical,Aguas archipelagicas
1919246N16299,NA,NA,Unnamed,TS,1919,9,5,35,0,Tormenta tropical,Aguas archipelagicas
1934324N23299,NA,NA,Unnamed,TS,1934,11,28,35,0,Tormenta tropical,Aguas archipelagicas
1979241N11335,NA,NA,Frederic,TS,1979,9,6,35,1005,Tormenta tropical,Aguas archipelagicas
1979241N11335,NA,NA,Frederic,TS,1979,9,6,35,1006,Tormenta tropical,Aguas archipelagicas
1981250N15306,NA,NA,Gert,TS,1981,9,9,35,1012,Tormenta tropical,Aguas archipelagicas
1997288N20291,NA,NA,Grace,TS,1997,10,15,35,999,Tormenta tropical,Aguas archipelagicas
2008229N18293,NA,CS,Fay,TS,2008,8,15,35,1009,Tormenta tropical,Aguas archipelagicas
2008229N18293,NA,NA,Fay,TS,2008,8,15,35,1009,Tormenta tropical,Aguas archipelagicas
2021225N15313,NA,CS,Grace,TS,2021,8,16,35,1007,Tormenta tropical,Aguas archipelagicas
2023232N13300,NA,NA,Franklin,TS,2023,8,23,35,1004,Tormenta tropical,Aguas archipelagicas
1901252N18309,NA,NA,Unnamed,TS,1901,9,12,38,0,Tormenta tropical,Aguas archipelagicas
1931244N19299,NA,NA,Unnamed,TS,1931,9,3,38,0,Tormenta tropical,Aguas archipelagicas
1979241N11335,NA,NA,Frederic,TS,1979,9,6,38,1005,Tormenta tropical,Aguas archipelagicas
1985280N18291,NA,NA,Isabel,TS,1985,10,7,38,1006,Tormenta tropical,Aguas archipelagicas
2023232N13300,NA,NA,Franklin,TS,2023,8,23,38,1005,Tormenta tropical,Aguas archipelagicas
1861226N21290,NA,NA,Unnamed,TS,1861,8,13,40,0,Tormenta tropical,Aguas archipelagicas
1879225N13302,NA,NA,Unnamed,TS,1879,8,15,40,0,Tormenta tropical,Aguas archipelagicas
1886259N21295,NA,NA,Unnamed,TS,1886,9,17,40,0,Tormenta tropical,Aguas archipelagicas
1901252N18309,NA,NA,Unnamed,TS,1901,9,12,40,0,Tormenta tropical,Aguas archipelagicas
1928216N19296,NA,NA,Unnamed,TS,1928,8,4,40,0,Tormenta tropical,Aguas archipelagicas
1928216N19296,NA,NA,Unnamed,TS,1928,8,5,40,0,Tormenta tropical,Aguas archipelagicas
1931244N19299,NA,NA,Unnamed,TS,1931,9,3,40,0,Tormenta tropical,Aguas archipelagicas
1934324N23299,NA,NA,Unnamed,TS,1934,11,28,40,0,Tormenta tropical,Aguas archipelagicas
1940219N19295,NA,NA,Unnamed,TS,1940,8,6,40,0,Tormenta tropical,Aguas archipelagicas
1945214N14302,NA,CS,Unnamed,TS,1945,8,4,40,0,Tormenta tropical,Aguas archipelagicas
1960261N21296,NA,NA,Florence,TS,1960,9,18,40,1003,Tormenta tropical,Aguas archipelagicas
1979241N11335,NA,CS,Frederic,TS,1979,9,6,40,1005,Tormenta tropical,Aguas archipelagicas
1985280N18291,NA,NA,Isabel,TS,1985,10,7,40,1006,Tormenta tropical,Aguas archipelagicas
2003284N19291,NA,NA,Mindy,TS,2003,10,10,40,1003,Tormenta tropical,Aguas archipelagicas
2003284N19291,NA,NA,Mindy,TS,2003,10,11,40,1003,Tormenta tropical,Aguas archipelagicas
2003339N13284,NA,NA,Odette,TS,2003,12,7,40,1000,Tormenta tropical,Aguas archipelagicas
2003339N13284,NA,NA,Odette,TS,2003,12,7,40,1003,Tormenta tropical,Aguas archipelagicas
2008229N18293,NA,NA,Fay,TS,2008,8,16,40,1008,Tormenta tropical,Aguas archipelagicas
2014210N10323,NA,NA,Bertha,TS,2014,8,3,40,1011,Tormenta tropical,Aguas archipelagicas
2014210N10323,NA,NA,Bertha,TS,2014,8,3,40,1012,Tormenta tropical,Aguas archipelagicas
2021222N14301,NA,CS,Fred,TS,2021,8,11,40,1005,Tormenta tropical,Aguas archipelagicas
2023232N13300,NA,CS,Franklin,TS,2023,8,23,40,1003,Tormenta tropical,Aguas archipelagicas
2023232N13300,NA,CS,Franklin,TS,2023,8,23,40,1005,Tormenta tropical,Aguas archipelagicas
1889231N17291,NA,NA,Unnamed,TS,1889,8,20,43,0,Tormenta tropical,Aguas archipelagicas
1932127N15285,NA,NA,Unnamed,TS,1932,5,7,43,0,Tormenta tropical,Aguas archipelagicas
1963267N11309,NA,NA,Edith,TS,1963,9,28,43,0,Tormenta tropical,Aguas archipelagicas
1852249N17296,NA,NA,Unnamed,TS,1852,9,6,45,0,Tormenta tropical,Aguas archipelagicas
1901252N18309,NA,NA,Unnamed,TS,1901,9,12,45,0,Tormenta tropical,Aguas archipelagicas
1932127N15285,NA,NA,Unnamed,TS,1932,5,7,45,0,Tormenta tropical,Aguas archipelagicas
1953251N18295,NA,NA,Dolly,TS,1953,9,9,45,0,Tormenta tropical,Aguas archipelagicas
1961273N16302,NA,NA,Frances,TS,1961,10,3,45,0,Tormenta tropical,Aguas archipelagicas
2003339N13284,NA,NA,Odette,TS,2003,12,7,45,997,Tormenta tropical,Aguas archipelagicas
2005296N16293,NA,NA,Alpha,TS,2005,10,23,45,1000,Tormenta tropical,Aguas archipelagicas
2020233N14313,NA,CS,Laura,TS,2020,8,23,45,1004,Tormenta tropical,Aguas archipelagicas
2020233N14313,NA,CS,Laura,TS,2020,8,23,45,1004,Tormenta tropical,Aguas archipelagicas
2020233N14313,NA,NA,Laura,TS,2020,8,23,45,1004,Tormenta tropical,Aguas archipelagicas
1963267N11309,NA,NA,Edith,TS,1963,9,27,48,0,Tormenta tropical,Aguas archipelagicas
1855236N12304,NA,CS,Unnamed,TS,1855,8,27,50,997,Tormenta tropical,Aguas archipelagicas
1855236N12304,NA,NA,Unnamed,TS,1855,8,27,50,0,Tormenta tropical,Aguas archipelagicas
1887282N19300,NA,NA,Unnamed,TS,1887,10,11,50,0,Tormenta tropical,Aguas archipelagicas
1931252N15307,NA,CS,Unnamed,TS,1931,9,11,50,0,Tormenta tropical,Aguas archipelagicas
1955288N13281,NA,NA,Katie,TS,1955,10,17,50,0,Tormenta tropical,Aguas archipelagicas
1958257N17293,NA,CS,Gerda,TS,1958,9,14,50,1004,Tormenta tropical,Aguas archipelagicas
1961273N16302,NA,NA,Frances,TS,1961,10,3,50,0,Tormenta tropical,Aguas archipelagicas
1963267N11309,NA,NA,Edith,TS,1963,9,27,50,999,Tormenta tropical,Aguas archipelagicas
2003339N13284,NA,NA,Odette,TS,2003,12,6,50,995,Tormenta tropical,Aguas archipelagicas
2007345N18298,NA,CS,Olga,TS,2007,12,11,50,1003,Tormenta tropical,Aguas archipelagicas
2007345N18298,NA,NA,Olga,TS,2007,12,12,50,1003,Tormenta tropical,Aguas archipelagicas
1975256N18306,NA,NA,Eloise,TS,1975,9,17,53,1000,Tormenta tropical,Aguas archipelagicas
1852249N17296,NA,NA,Unnamed,TS,1852,9,6,55,0,Tormenta tropical,Aguas archipelagicas
1887282N19300,NA,NA,Unnamed,TS,1887,10,11,55,0,Tormenta tropical,Aguas archipelagicas
1949264N14299,NA,CS,Unnamed,TS,1949,9,22,55,0,Tormenta tropical,Aguas archipelagicas
1963267N11309,NA,NA,Edith,TS,1963,9,27,55,997,Tormenta tropical,Aguas archipelagicas
2000233N12316,NA,NA,Debby,TS,2000,8,23,55,1007,Tormenta tropical,Aguas archipelagicas
2020211N13306,NA,CS,Isaias,TS,2020,7,30,55,1002,Tormenta tropical,Aguas archipelagicas
1975256N18306,NA,NA,Eloise,TS,1975,9,17,58,1000,Tormenta tropical,Aguas archipelagicas
1852249N17296,NA,NA,Unnamed,TS,1852,9,6,60,0,Tormenta tropical,Aguas archipelagicas
1876254N15320,NA,NA,Unnamed,TS,1876,9,14,60,0,Tormenta tropical,Aguas archipelagicas
1887282N19300,NA,NA,Unnamed,TS,1887,10,11,60,0,Tormenta tropical,Aguas archipelagicas
1901185N10305,NA,NA,Unnamed,TS,1901,7,7,60,0,Tormenta tropical,Aguas archipelagicas
1901185N10305,NA,NA,Unnamed,TS,1901,7,7,60,0,Tormenta tropical,Aguas archipelagicas
1916234N16300,NA,NA,Unnamed,TS,1916,8,23,60,0,Tormenta tropical,Aguas archipelagicas
1955255N19294,NA,NA,Hilda,TS,1955,9,12,60,0,Tormenta tropical,Aguas archipelagicas
2000233N12316,NA,NA,Debby,TS,2000,8,23,60,1005,Tormenta tropical,Aguas archipelagicas
2020211N13306,NA,NA,Isaias,TS,2020,7,30,60,999,Tormenta tropical,Aguas archipelagicas
1916234N16300,NA,NA,Unnamed,TS,1916,8,22,63,0,Tormenta tropical,Aguas archipelagicas
2000233N12316,NA,NA,Debby,TS,2000,8,23,63,1000,Tormenta tropical,Aguas archipelagicas
2020211N13306,NA,NA,Isaias,TS,2020,7,30,63,998,Tormenta tropical,Aguas archipelagicas
1876254N15320,NA,NA,Unnamed,TS,1876,9,14,65,0,Huracan Categoria 1,Aguas archipelagicas
1955255N19294,NA,NA,Hilda,TS,1955,9,12,65,0,Huracan Categoria 1,Aguas archipelagicas
1975256N18306,NA,NA,Eloise,TS,1975,9,17,65,997,Huracan Categoria 1,Aguas archipelagicas
2020211N13306,NA,NA,Isaias,TS,2020,7,31,65,996,Huracan Categoria 1,Aguas archipelagicas
2004258N16300,NA,NA,Jeanne,TS,2004,9,16,68,986,Huracan Categoria 1,Aguas archipelagicas
1856235N13302,NA,NA,Unnamed,TS,1856,8,25,70,0,Huracan Categoria 1,Aguas archipelagicas
1856235N13302,NA,NA,Unnamed,TS,1856,8,25,70,0,Huracan Categoria 1,Aguas archipelagicas
1876254N15320,NA,NA,Unnamed,TS,1876,9,14,70,0,Huracan Categoria 1,Aguas archipelagicas
1908252N15308,NA,NA,Unnamed,TS,1908,9,11,70,0,Huracan Categoria 1,Aguas archipelagicas
1909232N15305,NA,CS,Unnamed,TS,1909,8,23,70,0,Huracan Categoria 1,Aguas archipelagicas
1955255N19294,NA,NA,Hilda,TS,1955,9,13,70,0,Huracan Categoria 1,Aguas archipelagicas
1955255N19294,NA,NA,Hilda,TS,1955,9,13,70,0,Huracan Categoria 1,Aguas archipelagicas
1998259N10335,NA,NA,Georges,TS,1998,9,23,70,980,Huracan Categoria 1,Aguas archipelagicas
1996248N15319,NA,NA,Hortense,TS,1996,9,11,73,979,Huracan Categoria 1,Aguas archipelagicas
1926203N13304,NA,NA,Unnamed,TS,1926,7,24,75,0,Huracan Categoria 1,Aguas archipelagicas
2022257N16312,NA,NA,Fiona,TS,2022,9,19,75,980,Huracan Categoria 1,Aguas archipelagicas
2022257N16312,NA,NA,Fiona,TS,2022,9,19,78,977,Huracan Categoria 1,Aguas archipelagicas
1852264N13309,NA,NA,Unnamed,TS,1852,9,25,80,0,Huracan Categoria 1,Aguas archipelagicas
1852264N13309,NA,NA,Unnamed,TS,1852,9,25,80,0,Huracan Categoria 1,Aguas archipelagicas
1852264N13309,NA,NA,Unnamed,TS,1852,9,26,80,0,Huracan Categoria 1,Aguas archipelagicas
1852264N13309,NA,NA,Unnamed,TS,1852,9,26,80,0,Huracan Categoria 1,Aguas archipelagicas
1886224N11303,NA,NA,Unnamed,TS,1886,8,15,80,0,Huracan Categoria 1,Aguas archipelagicas
1926203N13304,NA,NA,Unnamed,TS,1926,7,24,80,0,Huracan Categoria 1,Aguas archipelagicas
1930241N13317,NA,NA,Unnamed,TS,1930,9,4,80,0,Huracan Categoria 1,Aguas archipelagicas
2011233N15301,NA,NA,Irene,TS,2011,8,23,80,981,Huracan Categoria 1,Aguas archipelagicas
2011233N15301,NA,NA,Irene,TS,2011,8,23,80,978,Huracan Categoria 1,Aguas archipelagicas
2011233N15301,NA,NA,Irene,TS,2011,8,23,80,978,Huracan Categoria 1,Aguas archipelagicas
2022257N16312,NA,CS,Fiona,TS,2022,9,19,80,976,Huracan Categoria 1,Aguas archipelagicas
1886224N11303,NA,CS,Unnamed,TS,1886,8,15,83,0,Huracan Categoria 2,Aguas archipelagicas
1909313N11279,NA,NA,Unnamed,TS,1909,11,13,83,0,Huracan Categoria 2,Aguas archipelagicas
1932269N17303,NA,NA,Unnamed,TS,1932,9,28,83,0,Huracan Categoria 2,Aguas archipelagicas
1998259N10335,NA,NA,Georges,TS,1998,9,22,83,975,Huracan Categoria 2,Aguas archipelagicas
1896243N14300,NA,NA,Unnamed,TS,1896,9,2,85,0,Huracan Categoria 2,Aguas archipelagicas
1896243N14300,NA,NA,Unnamed,TS,1896,9,2,85,0,Huracan Categoria 2,Aguas archipelagicas
1896243N14300,NA,NA,Unnamed,TS,1896,9,2,85,0,Huracan Categoria 2,Aguas archipelagicas
2022257N16312,NA,NA,Fiona,TS,2022,9,19,85,972,Huracan Categoria 2,Aguas archipelagicas
1894261N13311,NA,CS,Unnamed,TS,1894,9,22,90,0,Huracan Categoria 2,Aguas archipelagicas
1921249N10320,NA,NA,Unnamed,TS,1921,9,11,90,0,Huracan Categoria 2,Aguas archipelagicas
1996248N15319,NA,NA,Hortense,TS,1996,9,11,90,971,Huracan Categoria 2,Aguas archipelagicas
1883247N14302,NA,CS,Unnamed,TS,1883,9,6,95,0,Huracan Categoria 2,Aguas archipelagicas
1956222N13313,NA,NA,Betsy,TS,1956,8,13,95,0,Huracan Categoria 2,Aguas archipelagicas
1998259N10335,NA,NA,Georges,TS,1998,9,22,95,970,Huracan Categoria 2,Aguas archipelagicas
2022257N16312,NA,NA,Fiona,TS,2022,9,20,98,971,Huracan Categoria 3,Aguas archipelagicas
1893226N10310,NA,NA,Unnamed,TS,1893,8,18,100,0,Huracan Categoria 3,Aguas archipelagicas
1998259N10335,NA,CS,Georges,TS,1998,9,22,100,966,Huracan Categoria 3,Aguas archipelagicas
2022257N16312,NA,NA,Fiona,TS,2022,9,20,100,967,Huracan Categoria 3,Aguas archipelagicas
2017260N12310,NA,NA,Maria,TS,2017,9,21,103,960,Huracan Categoria 3,Aguas archipelagicas
1899215N12329,NA,NA,Unnamed,TS,1899,8,9,105,0,Huracan Categoria 3,Aguas archipelagicas
1899215N12329,NA,NA,Unnamed,TS,1899,8,9,105,0,Huracan Categoria 3,Aguas archipelagicas
1899215N12329,NA,NA,Unnamed,TS,1899,8,9,105,0,Huracan Categoria 3,Aguas archipelagicas
1899215N12329,NA,NA,Unnamed,TS,1899,8,10,105,0,Huracan Categoria 3,Aguas archipelagicas
2017260N12310,NA,NA,Maria,TS,2017,9,21,105,960,Huracan Categoria 3,Aguas archipelagicas
2017260N12310,NA,NA,Maria,TS,2017,9,21,108,957,Huracan Categoria 3,Aguas archipelagicas
2017260N12310,NA,NA,Maria,TS,2017,9,22,110,953,Huracan Categoria 3,Aguas archipelagicas
1979238N12324,NA,NA,David,TS,1979,9,1,115,966,Huracan Categoria 4,Aguas archipelagicas
1928250N14343,NA,NA,Unnamed,TS,1928,9,14,128,0,Huracan Categoria 4,Aguas archipelagicas
1928250N14343,NA,NA,Unnamed,TS,1928,9,14,130,0,Huracan Categoria 4,Aguas archipelagicas
1979238N12324,NA,NA,David,TS,1979,9,1,130,953,Huracan Categoria 4,Aguas archipelagicas
1928250N14343,NA,NA,Unnamed,TS,1928,9,14,135,0,Huracan Categoria 4,Aguas archipelagicas
1928250N14343,NA,NA,Unnamed,TS,1928,9,15,135,0,Huracan Categoria 4,Aguas archipelagicas
1966265N10325,NA,CS,Inez,TS,1966,9,29,140,0,Huracan Categoria 5,Aguas archipelagicas
2017242N16333,NA,NA,Irma,TS,2017,9,7,145,922,Huracan Categoria 5,Aguas archipelagicas
1853318N20288,NA,NA,Unnamed,TS,1853,11,14,0,0,Depresión tropical,Zona económica exclusiva
1853318N20288,NA,NA,Unnamed,TS,1853,11,14,0,0,Depresión tropical,Zona económica exclusiva
1853318N20288,NA,NA,Unnamed,TS,1853,11,15,0,0,Depresión tropical,Zona económica exclusiva
1853318N20288,NA,NA,Unnamed,TS,1853,11,15,0,0,Depresión tropical,Zona económica exclusiva
1853318N20288,NA,NA,Unnamed,TS,1853,11,15,0,0,Depresión tropical,Zona económica exclusiva
1859284N19293,NA,NA,Unnamed,TS,1859,10,11,0,0,Depresión tropical,Zona económica exclusiva
1859284N19293,NA,NA,Unnamed,TS,1859,10,11,0,0,Depresión tropical,Zona económica exclusiva
1859284N19293,NA,NA,Unnamed,TS,1859,10,12,0,0,Depresión tropical,Zona económica exclusiva
1863255N15300,NA,NA,Unnamed,TS,1863,9,14,0,0,Depresión tropical,Zona económica exclusiva
1864283N18290,NA,CS,Unnamed,TS,1864,10,8,0,0,Depresión tropical,Zona económica exclusiva
1865267N20287,NA,NA,Unnamed,TS,1865,9,25,0,0,Depresión tropical,Zona económica exclusiva
1865267N20287,NA,NA,Unnamed,TS,1865,9,25,0,0,Depresión tropical,Zona económica exclusiva
1865267N20287,NA,NA,Unnamed,TS,1865,9,25,0,0,Depresión tropical,Zona económica exclusiva
1865282N19289,NA,NA,Unnamed,TS,1865,10,10,0,0,Depresión tropical,Zona económica exclusiva
1868193N13303,NA,CS,Unnamed,TS,1868,7,13,0,0,Depresión tropical,Zona económica exclusiva
1868288N16291,NA,CS,Unnamed,TS,1868,10,14,0,0,Depresión tropical,Zona económica exclusiva
1869245N20288,NA,NA,Unnamed,TS,1869,9,2,0,0,Depresión tropical,Zona económica exclusiva
1872280N18291,NA,CS,Unnamed,TS,1872,10,5,0,0,Depresión tropical,Zona económica exclusiva
1876231N14303,NA,CS,Unnamed,TS,1876,8,20,0,0,Depresión tropical,Zona económica exclusiva
1876231N14303,NA,CS,Unnamed,TS,1876,8,20,0,0,Depresión tropical,Zona económica exclusiva
1887216N18300,NA,NA,Unnamed,TS,1887,8,5,0,0,Depresión tropical,Zona económica exclusiva
1887216N18300,NA,NA,Unnamed,TS,1887,8,5,0,0,Depresión tropical,Zona económica exclusiva
1889136N19292,NA,NA,Unnamed,TS,1889,5,16,0,0,Depresión tropical,Zona económica exclusiva
1898265N20294,NA,NA,Unnamed,TS,1898,9,23,0,0,Depresión tropical,Zona económica exclusiva
1898265N20294,NA,NA,Unnamed,TS,1898,9,24,0,0,Depresión tropical,Zona económica exclusiva
1974246N10341,NA,NA,Unnamed,TS,1974,9,11,20,0,Depresión tropical,Zona económica exclusiva
2009279N15311,NA,NA,Henri,DS,2009,10,10,20,1012,Depresión tropical,Zona económica exclusiva
2013248N16294,NA,NA,Gabrielle,DS,2013,9,6,20,1010,Depresión tropical,Zona económica exclusiva
2013248N16294,NA,NA,Gabrielle,DS,2013,9,6,20,1010,Depresión tropical,Zona económica exclusiva
1941288N21291,NA,NA,Unnamed,TS,1941,10,15,25,0,Depresión tropical,Zona económica exclusiva
1941288N21291,NA,NA,Unnamed,TS,1941,10,15,25,0,Depresión tropical,Zona económica exclusiva
1970274N15306,NA,NA,Unnamed,TS,1970,10,9,25,0,Depresión tropical,Zona económica exclusiva
1974246N10341,NA,NA,Unnamed,TS,1974,9,10,25,0,Depresión tropical,Zona económica exclusiva
1959264N20292,NA,NA,Gracie,TS,1959,9,21,28,0,Depresión tropical,Zona económica exclusiva
1900297N15296,NA,CS,Unnamed,TS,1900,10,25,30,0,Depresión tropical,Zona económica exclusiva
1900297N15296,NA,CS,Unnamed,TS,1900,10,25,30,0,Depresión tropical,Zona económica exclusiva
1909257N18289,NA,CS,Unnamed,TS,1909,9,13,30,0,Depresión tropical,Zona económica exclusiva
1932240N21291,NA,NA,Unnamed,TS,1932,8,26,30,0,Depresión tropical,Zona económica exclusiva
1933274N20290,NA,NA,Unnamed,TS,1933,10,1,30,0,Depresión tropical,Zona económica exclusiva
1935135N17292,NA,CS,Unnamed,TS,1935,5,15,30,0,Depresión tropical,Zona económica exclusiva
1944195N20291,NA,NA,Unnamed,TS,1944,7,13,30,0,Depresión tropical,Zona económica exclusiva
1944195N20291,NA,NA,Unnamed,TS,1944,7,13,30,0,Depresión tropical,Zona económica exclusiva
1969281N20292,NA,NA,Kara,TS,1969,10,7,30,0,Depresión tropical,Zona económica exclusiva
1970247N17316,NA,NA,Unnamed,TS,1970,9,13,30,0,Depresión tropical,Zona económica exclusiva
1971233N12313,NA,NA,Doria,TS,1971,8,25,30,0,Depresión tropical,Zona económica exclusiva
1997288N20291,NA,NA,Grace,TS,1997,10,14,30,1002,Depresión tropical,Zona económica exclusiva
1985280N18291,NA,CS,Isabel,TS,1985,10,7,33,1006,Depresión tropical,Zona económica exclusiva
1886259N21295,NA,NA,Unnamed,TS,1886,9,16,35,0,Tormenta tropical,Zona económica exclusiva
1903202N20292,NA,NA,Unnamed,TS,1903,7,21,35,0,Tormenta tropical,Zona económica exclusiva
1910235N15298,NA,CS,Unnamed,TS,1910,8,24,35,0,Tormenta tropical,Zona económica exclusiva
1993227N14301,NA,CS,Cindy,TS,1993,8,16,35,1008,Tormenta tropical,Zona económica exclusiva
2004258N16300,NA,NA,Jeanne,TS,2004,9,17,35,1001,Tormenta tropical,Zona económica exclusiva
2021225N15313,NA,CS,Grace,TS,2021,8,16,35,1007,Tormenta tropical,Zona económica exclusiva
1886259N21295,NA,NA,Unnamed,TS,1886,9,16,38,0,Tormenta tropical,Zona económica exclusiva
1993227N14301,NA,CS,Cindy,TS,1993,8,16,38,1008,Tormenta tropical,Zona económica exclusiva
1900239N15318,NA,CS,Unnamed,TS,1900,9,1,40,0,Tormenta tropical,Zona económica exclusiva
1932127N15285,NA,CS,Unnamed,TS,1932,5,7,40,0,Tormenta tropical,Zona económica exclusiva
1945230N17307,NA,NA,Unnamed,TS,1945,8,20,40,0,Tormenta tropical,Zona económica exclusiva
1960261N21296,NA,NA,Florence,TS,1960,9,19,40,1004,Tormenta tropical,Zona económica exclusiva
1979241N11335,NA,CS,Frederic,TS,1979,9,5,40,1008,Tormenta tropical,Zona económica exclusiva
1979241N11335,NA,CS,Frederic,TS,1979,9,5,40,1006,Tormenta tropical,Zona económica exclusiva
2001235N18296,NA,NA,Dean,TS,2001,8,23,40,1011,Tormenta tropical,Zona económica exclusiva
1889231N17291,NA,NA,Unnamed,TS,1889,8,21,43,0,Tormenta tropical,Zona económica exclusiva
1945230N17307,NA,NA,Unnamed,TS,1945,8,20,43,0,Tormenta tropical,Zona económica exclusiva
1889231N17291,NA,CS,Unnamed,TS,1889,8,19,45,0,Tormenta tropical,Zona económica exclusiva
1932127N15285,NA,NA,Unnamed,TS,1932,5,7,45,0,Tormenta tropical,Zona económica exclusiva
1958257N17293,NA,CS,Gerda,TS,1958,9,14,45,0,Tormenta tropical,Zona económica exclusiva
1979241N11335,NA,CS,Frederic,TS,1979,9,5,45,1007,Tormenta tropical,Zona económica exclusiva
2005296N16293,NA,CS,Alpha,TS,2005,10,23,45,998,Tormenta tropical,Zona económica exclusiva
1958257N17293,NA,CS,Gerda,TS,1958,9,14,48,0,Tormenta tropical,Zona económica exclusiva
1882244N19296,NA,NA,Unnamed,TS,1882,9,2,50,0,Tormenta tropical,Zona económica exclusiva
1882244N19296,NA,NA,Unnamed,TS,1882,9,2,50,0,Tormenta tropical,Zona económica exclusiva
1889231N17291,NA,CS,Unnamed,TS,1889,8,19,50,0,Tormenta tropical,Zona económica exclusiva
1889231N17291,NA,NA,Unnamed,TS,1889,8,21,50,0,Tormenta tropical,Zona económica exclusiva
1945214N14302,NA,CS,Unnamed,TS,1945,8,4,50,0,Tormenta tropical,Zona económica exclusiva
1953251N18295,NA,NA,Dolly,TS,1953,9,9,50,1005,Tormenta tropical,Zona económica exclusiva
2001235N18296,NA,NA,Dean,TS,2001,8,23,50,1010,Tormenta tropical,Zona económica exclusiva
1899241N17303,NA,NA,Unnamed,TS,1899,9,2,53,0,Tormenta tropical,Zona económica exclusiva
1961273N16302,NA,NA,Frances,TS,1961,10,3,53,0,Tormenta tropical,Zona económica exclusiva
1899241N17303,NA,NA,Unnamed,TS,1899,9,2,55,0,Tormenta tropical,Zona económica exclusiva
1852232N21293,NA,NA,Unnamed,TS,1852,8,19,60,0,Tormenta tropical,Zona económica exclusiva
1878329N15310,NA,CS,Unnamed,TS,1878,11,29,60,0,Tormenta tropical,Zona económica exclusiva
1908252N15308,NA,NA,Unnamed,TS,1908,9,10,60,0,Tormenta tropical,Zona económica exclusiva
1963267N11309,NA,CS,Edith,TS,1963,9,27,60,996,Tormenta tropical,Zona económica exclusiva
1963267N11309,NA,CS,Edith,TS,1963,9,27,60,996,Tormenta tropical,Zona económica exclusiva
1856235N13302,NA,NA,Unnamed,TS,1856,8,25,70,0,Huracan Categoria 1,Zona económica exclusiva
1910248N17302,NA,CS,Unnamed,TS,1910,9,7,73,0,Huracan Categoria 1,Zona económica exclusiva
1910248N17302,NA,CS,Unnamed,TS,1910,9,7,75,0,Huracan Categoria 1,Zona económica exclusiva
1933206N14306,NA,NA,Unnamed,TS,1933,7,27,75,0,Huracan Categoria 1,Zona económica exclusiva
1933206N14306,NA,NA,Unnamed,TS,1933,7,27,75,0,Huracan Categoria 1,Zona económica exclusiva
1852264N13309,NA,NA,Unnamed,TS,1852,9,26,80,0,Huracan Categoria 1,Zona económica exclusiva
1852264N13309,NA,NA,Unnamed,TS,1852,9,26,80,0,Huracan Categoria 1,Zona económica exclusiva
1985320N21296,NA,NA,Kate,TS,1985,11,17,80,977,Huracan Categoria 1,Zona económica exclusiva
2011233N15301,NA,NA,Irene,TS,2011,8,23,80,973,Huracan Categoria 1,Zona económica exclusiva
1886224N11303,NA,CS,Unnamed,TS,1886,8,15,85,0,Huracan Categoria 2,Zona económica exclusiva
1888239N13328,NA,NA,Unnamed,TS,1888,9,2,85,0,Huracan Categoria 2,Zona económica exclusiva
1891229N11313,NA,NA,Unnamed,TS,1891,8,21,85,0,Huracan Categoria 2,Zona económica exclusiva
1891229N11313,NA,NA,Unnamed,TS,1891,8,21,85,0,Huracan Categoria 2,Zona económica exclusiva
1891229N11313,NA,NA,Unnamed,TS,1891,8,21,85,0,Huracan Categoria 2,Zona económica exclusiva
1956222N13313,NA,NA,Betsy,TS,1956,8,13,85,0,Huracan Categoria 2,Zona económica exclusiva
1909313N11279,NA,NA,Unnamed,TS,1909,11,13,88,0,Huracan Categoria 2,Zona económica exclusiva
1871229N11329,NA,NA,Unnamed,TS,1871,8,22,90,0,Huracan Categoria 2,Zona económica exclusiva
1932269N17303,NA,CS,Unnamed,TS,1932,9,27,90,0,Huracan Categoria 2,Zona económica exclusiva
1932269N17303,NA,CS,Unnamed,TS,1932,9,28,90,0,Huracan Categoria 2,Zona económica exclusiva
1894261N13311,NA,CS,Unnamed,TS,1894,9,22,93,0,Huracan Categoria 2,Zona económica exclusiva
1894261N13311,NA,CS,Unnamed,TS,1894,9,22,95,0,Huracan Categoria 2,Zona económica exclusiva
1967249N13303,NA,CS,Beulah,TS,1967,9,11,95,967,Huracan Categoria 2,Zona económica exclusiva
1866264N11342,NA,NA,Unnamed,TS,1866,9,30,100,0,Huracan Categoria 3,Zona económica exclusiva
1866264N11342,NA,NA,Unnamed,TS,1866,9,30,100,0,Huracan Categoria 3,Zona económica exclusiva
1945255N19302,NA,NA,Unnamed,TS,1945,9,13,100,0,Huracan Categoria 3,Zona económica exclusiva
1967249N13303,NA,CS,Beulah,TS,1967,9,10,100,959,Huracan Categoria 3,Zona económica exclusiva
1967249N13303,NA,CS,Beulah,TS,1967,9,10,105,951,Huracan Categoria 3,Zona económica exclusiva
1906238N14339,NA,NA,Unnamed,TS,1906,9,4,108,0,Huracan Categoria 3,Zona económica exclusiva
1883247N14302,NA,CS,Unnamed,TS,1883,9,6,110,0,Huracan Categoria 3,Zona económica exclusiva
1906238N14339,NA,NA,Unnamed,TS,1906,9,4,110,0,Huracan Categoria 3,Zona económica exclusiva
1930241N13317,NA,CS,Unnamed,TS,1930,9,3,115,0,Huracan Categoria 4,Zona económica exclusiva
1926255N15314,NA,NA,Unnamed,TS,1926,9,16,128,0,Huracan Categoria 4,Zona económica exclusiva
2017242N16333,NA,NA,Irma,TS,2017,9,7,143,921,Huracan Categoria 5,Zona económica exclusiva
1979238N12324,NA,CS,David,TS,1979,8,31,148,927,Huracan Categoria 5,Zona económica exclusiva
1852247N14309,NA,NA,Unnamed,TS,1852,9,6,0,0,Depresión tropical,Zona económica exclusiva
1852278N14293,NA,CS,Unnamed,TS,1852,10,4,0,0,Depresión tropical,Zona económica exclusiva
1852278N14293,NA,CS,Unnamed,TS,1852,10,4,0,0,Depresión tropical,Zona económica exclusiva
1853239N11302,NA,CS,Unnamed,TS,1853,8,28,0,0,Depresión tropical,Zona económica exclusiva
1853239N11302,NA,CS,Unnamed,TS,1853,8,29,0,0,Depresión tropical,Zona económica exclusiva
1853239N11302,NA,CS,Unnamed,TS,1853,8,29,0,0,Depresión tropical,Zona económica exclusiva
1853318N20288,NA,NA,Unnamed,TS,1853,11,13,0,0,Depresión tropical,Zona económica exclusiva
1853318N20288,NA,NA,Unnamed,TS,1853,11,13,0,0,Depresión tropical,Zona económica exclusiva
1853318N20288,NA,NA,Unnamed,TS,1853,11,14,0,0,Depresión tropical,Zona económica exclusiva
1853318N20288,NA,NA,Unnamed,TS,1853,11,14,0,0,Depresión tropical,Zona económica exclusiva
1853318N20288,NA,NA,Unnamed,TS,1853,11,16,0,0,Depresión tropical,Zona económica exclusiva
1853318N20288,NA,NA,Unnamed,TS,1853,11,16,0,0,Depresión tropical,Zona económica exclusiva
1853318N20288,NA,NA,Unnamed,TS,1853,11,16,0,0,Depresión tropical,Zona económica exclusiva
1853318N20288,NA,NA,Unnamed,TS,1853,11,17,0,0,Depresión tropical,Zona económica exclusiva
1853318N20288,NA,NA,Unnamed,TS,1853,11,17,0,0,Depresión tropical,Zona económica exclusiva
1853318N20288,NA,NA,Unnamed,TS,1853,11,17,0,0,Depresión tropical,Zona económica exclusiva
1853318N20288,NA,NA,Unnamed,TS,1853,11,17,0,0,Depresión tropical,Zona económica exclusiva
1853318N20288,NA,NA,Unnamed,TS,1853,11,18,0,0,Depresión tropical,Zona económica exclusiva
1853318N20288,NA,NA,Unnamed,TS,1853,11,18,0,0,Depresión tropical,Zona económica exclusiva
1853318N20288,NA,NA,Unnamed,TS,1853,11,18,0,0,Depresión tropical,Zona económica exclusiva
1853318N20288,NA,NA,Unnamed,TS,1853,11,18,0,0,Depresión tropical,Zona económica exclusiva
1853318N20288,NA,NA,Unnamed,TS,1853,11,19,0,0,Depresión tropical,Zona económica exclusiva
1854253N14303,NA,CS,Unnamed,TS,1854,9,12,0,0,Depresión tropical,Zona económica exclusiva
1854253N14303,NA,CS,Unnamed,TS,1854,9,12,0,0,Depresión tropical,Zona económica exclusiva
1854253N14303,NA,CS,Unnamed,TS,1854,9,12,0,0,Depresión tropical,Zona económica exclusiva
1854253N14303,NA,CS,Unnamed,TS,1854,9,13,0,0,Depresión tropical,Zona económica exclusiva
1854253N14303,NA,CS,Unnamed,TS,1854,9,13,0,0,Depresión tropical,Zona económica exclusiva
1856226N11308,NA,CS,Unnamed,TS,1856,8,15,0,0,Depresión tropical,Zona económica exclusiva
1856235N13302,NA,CS,Unnamed,TS,1856,8,24,0,0,Depresión tropical,Zona económica exclusiva
1857261N16301,NA,CS,Unnamed,TS,1857,9,21,0,0,Depresión tropical,Zona económica exclusiva
1857261N16301,NA,CS,Unnamed,TS,1857,9,21,0,0,Depresión tropical,Zona económica exclusiva
1857261N16301,NA,CS,Unnamed,TS,1857,9,21,0,0,Depresión tropical,Zona económica exclusiva
1857261N16301,NA,CS,Unnamed,TS,1857,9,21,0,0,Depresión tropical,Zona económica exclusiva
1857261N16301,NA,CS,Unnamed,TS,1857,9,22,0,0,Depresión tropical,Zona económica exclusiva
1859273N17289,NA,CS,Unnamed,TS,1859,9,29,0,0,Depresión tropical,Zona económica exclusiva
1859273N17289,NA,CS,Unnamed,TS,1859,9,29,0,0,Depresión tropical,Zona económica exclusiva
1859273N17289,NA,CS,Unnamed,TS,1859,9,30,0,0,Depresión tropical,Zona económica exclusiva
1859273N17289,NA,CS,Unnamed,TS,1859,9,30,0,0,Depresión tropical,Zona económica exclusiva
1859284N19293,NA,NA,Unnamed,TS,1859,10,10,0,0,Depresión tropical,Zona económica exclusiva
1859284N19293,NA,NA,Unnamed,TS,1859,10,11,0,0,Depresión tropical,Zona económica exclusiva
1859284N19293,NA,NA,Unnamed,TS,1859,10,11,0,0,Depresión tropical,Zona económica exclusiva
1859284N19293,NA,NA,Unnamed,TS,1859,10,12,0,0,Depresión tropical,Zona económica exclusiva
1859284N19293,NA,NA,Unnamed,TS,1859,10,12,0,0,Depresión tropical,Zona económica exclusiva
1859284N19293,NA,NA,Unnamed,TS,1859,10,12,0,0,Depresión tropical,Zona económica exclusiva
1860247N13298,NA,NA,Unnamed,TS,1860,9,5,0,0,Depresión tropical,Zona económica exclusiva
1860247N13298,NA,NA,Unnamed,TS,1860,9,5,0,0,Depresión tropical,Zona económica exclusiva
1860247N13298,NA,NA,Unnamed,TS,1860,9,5,0,0,Depresión tropical,Zona económica exclusiva
1860247N13298,NA,NA,Unnamed,TS,1860,9,5,0,0,Depresión tropical,Zona económica exclusiva
1860247N13298,NA,NA,Unnamed,TS,1860,9,6,0,0,Depresión tropical,Zona económica exclusiva
1860247N13298,NA,NA,Unnamed,TS,1860,9,6,0,0,Depresión tropical,Zona económica exclusiva
1860247N13298,NA,NA,Unnamed,TS,1860,9,6,0,0,Depresión tropical,Zona económica exclusiva
1860289N14290,NA,CS,Unnamed,TS,1860,10,17,0,0,Depresión tropical,Zona económica exclusiva
1860289N14290,NA,CS,Unnamed,TS,1860,10,17,0,0,Depresión tropical,Zona económica exclusiva
1860289N14290,NA,CS,Unnamed,TS,1860,10,17,0,0,Depresión tropical,Zona económica exclusiva
1861221N13316,NA,NA,Unnamed,TS,1861,8,14,0,0,Depresión tropical,Zona económica exclusiva
1861275N19299,NA,NA,Unnamed,TS,1861,10,3,0,0,Depresión tropical,Zona económica exclusiva
1861275N19299,NA,NA,Unnamed,TS,1861,10,3,0,0,Depresión tropical,Zona económica exclusiva
1861275N19299,NA,NA,Unnamed,TS,1861,10,3,0,0,Depresión tropical,Zona económica exclusiva
1861275N19299,NA,NA,Unnamed,TS,1861,10,3,0,0,Depresión tropical,Zona económica exclusiva
1861275N19299,NA,NA,Unnamed,TS,1861,10,4,0,0,Depresión tropical,Zona económica exclusiva
1861275N19299,NA,NA,Unnamed,TS,1861,10,4,0,0,Depresión tropical,Zona económica exclusiva
1863255N15300,NA,NA,Unnamed,TS,1863,9,13,0,0,Depresión tropical,Zona económica exclusiva
1864246N17315,NA,NA,Unnamed,TS,1864,9,7,0,0,Depresión tropical,Zona económica exclusiva
1864283N18290,NA,NA,Unnamed,TS,1864,10,9,0,0,Depresión tropical,Zona económica exclusiva
1864283N18290,NA,NA,Unnamed,TS,1864,10,10,0,0,Depresión tropical,Zona económica exclusiva
1864283N18290,NA,NA,Unnamed,TS,1864,10,10,0,0,Depresión tropical,Zona económica exclusiva
1865267N20287,NA,NA,Unnamed,TS,1865,9,25,0,0,Depresión tropical,Zona económica exclusiva
1865267N20287,NA,NA,Unnamed,TS,1865,9,26,0,0,Depresión tropical,Zona económica exclusiva
1865267N20287,NA,NA,Unnamed,TS,1865,9,26,0,0,Depresión tropical,Zona económica exclusiva
1865267N20287,NA,NA,Unnamed,TS,1865,9,26,0,0,Depresión tropical,Zona económica exclusiva
1865267N20287,NA,NA,Unnamed,TS,1865,9,26,0,0,Depresión tropical,Zona económica exclusiva
1865267N20287,NA,NA,Unnamed,TS,1865,9,27,0,0,Depresión tropical,Zona económica exclusiva
1865267N20287,NA,NA,Unnamed,TS,1865,9,27,0,0,Depresión tropical,Zona económica exclusiva
1865267N20287,NA,NA,Unnamed,TS,1865,9,27,0,0,Depresión tropical,Zona económica exclusiva
1865267N20287,NA,NA,Unnamed,TS,1865,9,27,0,0,Depresión tropical,Zona económica exclusiva
1865282N19289,NA,NA,Unnamed,TS,1865,10,10,0,0,Depresión tropical,Zona económica exclusiva
1865282N19289,NA,NA,Unnamed,TS,1865,10,10,0,0,Depresión tropical,Zona económica exclusiva
1865282N19289,NA,NA,Unnamed,TS,1865,10,10,0,0,Depresión tropical,Zona económica exclusiva
1867247N12340,NA,NA,Unnamed,NR,1867,9,9,0,0,Depresión tropical,Zona económica exclusiva
1867247N12340,NA,NA,Unnamed,NR,1867,9,10,0,0,Depresión tropical,Zona económica exclusiva
1867281N14301,NA,CS,Unnamed,TS,1867,10,10,0,0,Depresión tropical,Zona económica exclusiva
1868193N13303,NA,CS,Unnamed,TS,1868,7,12,0,0,Depresión tropical,Zona económica exclusiva
1868288N16291,NA,CS,Unnamed,TS,1868,10,14,0,0,Depresión tropical,Zona económica exclusiva
1868288N16291,NA,CS,Unnamed,TS,1868,10,14,0,0,Depresión tropical,Zona económica exclusiva
1869245N20288,NA,NA,Unnamed,TS,1869,9,2,0,0,Depresión tropical,Zona económica exclusiva
1869270N18308,NA,NA,Unnamed,TS,1869,9,29,0,0,Depresión tropical,Zona económica exclusiva
1869270N18308,NA,NA,Unnamed,TS,1869,9,30,0,0,Depresión tropical,Zona económica exclusiva
1869270N18308,NA,NA,Unnamed,TS,1869,9,30,0,0,Depresión tropical,Zona económica exclusiva
1869270N18308,NA,NA,Unnamed,TS,1869,9,30,0,0,Depresión tropical,Zona económica exclusiva
1870296N20288,NA,NA,Unnamed,TS,1870,10,23,0,0,Depresión tropical,Zona económica exclusiva
1870296N20288,NA,NA,Unnamed,TS,1870,10,23,0,0,Depresión tropical,Zona económica exclusiva
1870296N20288,NA,NA,Unnamed,TS,1870,10,24,0,0,Depresión tropical,Zona económica exclusiva
1870296N20288,NA,NA,Unnamed,TS,1870,10,24,0,0,Depresión tropical,Zona económica exclusiva
1871266N11315,NA,NA,Unnamed,TS,1871,9,27,0,0,Depresión tropical,Zona económica exclusiva
1871289N15294,NA,NA,Unnamed,TS,1871,10,17,0,0,Depresión tropical,Zona económica exclusiva
1871289N15294,NA,NA,Unnamed,TS,1871,10,17,0,0,Depresión tropical,Zona económica exclusiva
1871289N15294,NA,NA,Unnamed,TS,1871,10,17,0,0,Depresión tropical,Zona económica exclusiva
1871289N15294,NA,NA,Unnamed,TS,1871,10,17,0,0,Depresión tropical,Zona económica exclusiva
1872280N18291,NA,NA,Unnamed,TS,1872,10,6,0,0,Depresión tropical,Zona económica exclusiva
1873256N13296,NA,CS,Unnamed,TS,1873,9,14,0,0,Depresión tropical,Zona económica exclusiva
1873256N13296,NA,CS,Unnamed,TS,1873,9,14,0,0,Depresión tropical,Zona económica exclusiva
1875277N19297,NA,NA,Unnamed,TS,1875,10,5,0,0,Depresión tropical,Zona económica exclusiva
1875277N19297,NA,NA,Unnamed,TS,1875,10,5,0,0,Depresión tropical,Zona económica exclusiva
1875277N19297,NA,NA,Unnamed,TS,1875,10,6,0,0,Depresión tropical,Zona económica exclusiva
1875277N19297,NA,NA,Unnamed,TS,1875,10,6,0,0,Depresión tropical,Zona económica exclusiva
1875277N19297,NA,NA,Unnamed,TS,1875,10,6,0,0,Depresión tropical,Zona económica exclusiva
1876200N16293,NA,CS,Unnamed,TS,1876,7,17,0,0,Depresión tropical,Zona económica exclusiva
1876200N16293,NA,CS,Unnamed,TS,1876,7,18,0,0,Depresión tropical,Zona económica exclusiva
1876200N16293,NA,CS,Unnamed,TS,1876,7,18,0,0,Depresión tropical,Zona económica exclusiva
1876200N16293,NA,CS,Unnamed,TS,1876,7,18,0,0,Depresión tropical,Zona económica exclusiva
1876231N14303,NA,CS,Unnamed,TS,1876,8,20,0,0,Depresión tropical,Zona económica exclusiva
1876268N12300,NA,CS,Unnamed,TS,1876,9,28,0,0,Depresión tropical,Zona económica exclusiva
1876268N12300,NA,CS,Unnamed,TS,1876,9,28,0,0,Depresión tropical,Zona económica exclusiva
1876268N12300,NA,CS,Unnamed,TS,1876,9,28,0,0,Depresión tropical,Zona económica exclusiva
1876268N12300,NA,CS,Unnamed,TS,1876,9,28,0,0,Depresión tropical,Zona económica exclusiva
1876268N12300,NA,CS,Unnamed,TS,1876,9,29,0,0,Depresión tropical,Zona económica exclusiva
1876268N12300,NA,CS,Unnamed,TS,1876,9,29,0,0,Depresión tropical,Zona económica exclusiva
1878188N18299,NA,NA,Unnamed,TS,1878,7,9,0,0,Depresión tropical,Zona económica exclusiva
1878188N18299,NA,NA,Unnamed,TS,1878,7,9,0,0,Depresión tropical,Zona económica exclusiva
1878188N18299,NA,NA,Unnamed,TS,1878,7,10,0,0,Depresión tropical,Zona económica exclusiva
1878188N18299,NA,NA,Unnamed,TS,1878,7,10,0,0,Depresión tropical,Zona económica exclusiva
1878266N14299,NA,CS,Unnamed,TS,1878,9,25,0,0,Depresión tropical,Zona económica exclusiva
1878266N14299,NA,CS,Unnamed,TS,1878,9,25,0,0,Depresión tropical,Zona económica exclusiva
1878329N17310,NA,CS,Unnamed,TS,1878,12,1,0,0,Depresión tropical,Zona económica exclusiva
1879254N14300,NA,CS,Unnamed,TS,1879,9,13,0,0,Depresión tropical,Zona económica exclusiva
1885281N15297,NA,NA,Unnamed,TS,1885,10,10,0,0,Depresión tropical,Zona económica exclusiva
1885281N15297,NA,NA,Unnamed,TS,1885,10,10,0,0,Depresión tropical,Zona económica exclusiva
1885281N15297,NA,NA,Unnamed,TS,1885,10,10,0,0,Depresión tropical,Zona económica exclusiva
1885281N15297,NA,NA,Unnamed,TS,1885,10,11,0,0,Depresión tropical,Zona económica exclusiva
1885281N15297,NA,NA,Unnamed,TS,1885,10,11,0,0,Depresión tropical,Zona económica exclusiva
1887216N18300,NA,NA,Unnamed,TS,1887,8,4,0,0,Depresión tropical,Zona económica exclusiva
1887326N12284,NA,NA,Unnamed,TS,1887,11,29,0,0,Depresión tropical,Zona económica exclusiva
1887326N12284,NA,NA,Unnamed,TS,1887,11,30,0,0,Depresión tropical,Zona económica exclusiva
1887326N12284,NA,NA,Unnamed,TS,1887,11,30,0,0,Depresión tropical,Zona económica exclusiva
1887326N12284,NA,NA,Unnamed,TS,1887,11,30,0,0,Depresión tropical,Zona económica exclusiva
1887326N12284,NA,NA,Unnamed,TS,1887,11,30,0,0,Depresión tropical,Zona económica exclusiva
1887326N12284,NA,NA,Unnamed,TS,1887,12,1,0,0,Depresión tropical,Zona económica exclusiva
1888276N14297,NA,NA,Unnamed,TS,1888,10,3,0,0,Depresión tropical,Zona económica exclusiva
1888276N14297,NA,NA,Unnamed,TS,1888,10,3,0,0,Depresión tropical,Zona económica exclusiva
1888276N14297,NA,NA,Unnamed,TS,1888,10,4,0,0,Depresión tropical,Zona económica exclusiva
1888276N14297,NA,NA,Unnamed,TS,1888,10,4,0,0,Depresión tropical,Zona económica exclusiva
1888276N14297,NA,NA,Unnamed,TS,1888,10,4,0,0,Depresión tropical,Zona económica exclusiva
1889136N19292,NA,NA,Unnamed,TS,1889,5,15,0,0,Depresión tropical,Zona económica exclusiva
1889136N19292,NA,NA,Unnamed,TS,1889,5,15,0,0,Depresión tropical,Zona económica exclusiva
1897269N12307,NA,NA,Unnamed,TS,1897,9,29,0,0,Depresión tropical,Zona económica exclusiva
1897269N12307,NA,NA,Unnamed,TS,1897,9,29,0,0,Depresión tropical,Zona económica exclusiva
1897269N12307,NA,NA,Unnamed,TS,1897,9,29,0,0,Depresión tropical,Zona económica exclusiva
1897269N12307,NA,NA,Unnamed,TS,1897,9,30,0,0,Depresión tropical,Zona económica exclusiva
1897269N12307,NA,NA,Unnamed,TS,1897,9,30,0,0,Depresión tropical,Zona económica exclusiva
1897269N12307,NA,NA,Unnamed,TS,1897,9,30,0,0,Depresión tropical,Zona económica exclusiva
1897269N12307,NA,NA,Unnamed,TS,1897,9,30,0,0,Depresión tropical,Zona económica exclusiva
1897269N12307,NA,NA,Unnamed,TS,1897,10,1,0,0,Depresión tropical,Zona económica exclusiva
1898265N20294,NA,NA,Unnamed,TS,1898,9,22,0,0,Depresión tropical,Zona económica exclusiva
1898265N20294,NA,NA,Unnamed,TS,1898,9,22,0,0,Depresión tropical,Zona económica exclusiva
1898265N20294,NA,NA,Unnamed,TS,1898,9,23,0,0,Depresión tropical,Zona económica exclusiva
1898265N20294,NA,NA,Unnamed,TS,1898,9,23,0,0,Depresión tropical,Zona económica exclusiva
1898265N20294,NA,NA,Unnamed,TS,1898,9,23,0,0,Depresión tropical,Zona económica exclusiva
1898265N20294,NA,NA,Unnamed,TS,1898,9,24,0,0,Depresión tropical,Zona económica exclusiva
1898265N20294,NA,NA,Unnamed,TS,1898,9,24,0,0,Depresión tropical,Zona económica exclusiva
1898265N20294,NA,NA,Unnamed,TS,1898,9,24,0,0,Depresión tropical,Zona económica exclusiva
1981219N11334,NA,CS,Dennis,DS,1981,8,13,15,0,Depresión tropical,Zona económica exclusiva
1981219N11334,NA,CS,Dennis,DS,1981,8,13,15,0,Depresión tropical,Zona económica exclusiva
1972214N29303,NA,NA,Unnamed,TS,1972,8,3,20,0,Depresión tropical,Zona económica exclusiva
1974315N21291,NA,NA,Unnamed,TS,1974,11,12,20,0,Depresión tropical,Zona económica exclusiva
1974315N21291,NA,NA,Unnamed,TS,1974,11,12,20,0,Depresión tropical,Zona económica exclusiva
2002258N10300,NA,CS,Isidore,DS,2002,9,16,20,1008,Depresión tropical,Zona económica exclusiva
2009279N15311,NA,NA,Henri,DS,2009,10,10,20,1012,Depresión tropical,Zona económica exclusiva
2009279N15311,NA,NA,Henri,DS,2009,10,10,20,1012,Depresión tropical,Zona económica exclusiva
2009279N15311,NA,NA,Henri,DS,2009,10,10,20,1012,Depresión tropical,Zona económica exclusiva
2013248N16294,NA,NA,Gabrielle,DS,2013,9,7,20,1010,Depresión tropical,Zona económica exclusiva
2013248N16294,NA,NA,Gabrielle,DS,2013,9,7,20,1010,Depresión tropical,Zona económica exclusiva
1974315N21291,NA,NA,Unnamed,TS,1974,11,11,23,0,Depresión tropical,Zona económica exclusiva
2013248N16294,NA,NA,Gabrielle,DS,2013,9,7,23,1010,Depresión tropical,Zona económica exclusiva
1935241N23291,NA,NA,Unnamed,TS,1935,8,29,25,0,Depresión tropical,Zona económica exclusiva
1935241N23291,NA,NA,Unnamed,TS,1935,8,29,25,0,Depresión tropical,Zona económica exclusiva
1959264N20292,NA,NA,Gracie,TS,1959,9,20,25,1009,Depresión tropical,Zona económica exclusiva
1970274N15306,NA,NA,Unnamed,TS,1970,10,9,25,0,Depresión tropical,Zona económica exclusiva
1974246N10341,NA,NA,Unnamed,TS,1974,9,10,25,0,Depresión tropical,Zona económica exclusiva
1974315N21291,NA,NA,Unnamed,TS,1974,11,10,25,0,Depresión tropical,Zona económica exclusiva
1974315N21291,NA,NA,Unnamed,TS,1974,11,11,25,0,Depresión tropical,Zona económica exclusiva
1974315N21291,NA,NA,Unnamed,TS,1974,11,11,25,0,Depresión tropical,Zona económica exclusiva
1974315N21291,NA,NA,Unnamed,TS,1974,11,11,25,0,Depresión tropical,Zona económica exclusiva
1974315N21291,NA,NA,Unnamed,TS,1974,11,11,25,0,Depresión tropical,Zona económica exclusiva
1975237N22290,NA,NA,Caroline,TS,1975,8,24,25,1011,Depresión tropical,Zona económica exclusiva
1976278N15321,NA,CS,Unnamed,TS,1976,10,11,25,0,Depresión tropical,Zona económica exclusiva
1976278N15321,NA,CS,Unnamed,TS,1976,10,11,25,0,Depresión tropical,Zona económica exclusiva
1979190N20290,NA,NA,Unnamed,TS,1979,7,8,25,0,Depresión tropical,Zona económica exclusiva
1979190N20290,NA,NA,Unnamed,TS,1979,7,9,25,0,Depresión tropical,Zona económica exclusiva
1979190N20290,NA,NA,Unnamed,TS,1979,7,9,25,0,Depresión tropical,Zona económica exclusiva
1984281N24291,NA,NA,Josephine,SS,1984,10,7,25,1008,Depresión tropical,Zona económica exclusiva
1985259N24289,NA,NA,Fabian,TS,1985,9,15,25,1008,Depresión tropical,Zona económica exclusiva
1987145N21292,NA,NA,Unnamed,TS,1987,5,24,25,0,Depresión tropical,Zona económica exclusiva
1987145N21292,NA,NA,Unnamed,TS,1987,5,24,25,0,Depresión tropical,Zona económica exclusiva
1987145N21292,NA,NA,Unnamed,TS,1987,5,25,25,0,Depresión tropical,Zona económica exclusiva
1987145N21292,NA,NA,Unnamed,TS,1987,5,25,25,0,Depresión tropical,Zona económica exclusiva
2001235N18296,NA,NA,Dean,DS,2001,8,23,25,1012,Depresión tropical,Zona económica exclusiva
2004217N13306,NA,CS,Bonnie,DS,2004,8,5,25,1011,Depresión tropical,Zona económica exclusiva
2004217N13306,NA,CS,Bonnie,DS,2004,8,5,25,1011,Depresión tropical,Zona económica exclusiva
2004217N13306,NA,CS,Bonnie,DS,2004,8,5,25,1011,Depresión tropical,Zona económica exclusiva
2005261N21290,NA,NA,Rita,TS,2005,9,18,25,1009,Depresión tropical,Zona económica exclusiva
2007297N18300,NA,CS,Noel,DS,2007,10,27,25,1004,Depresión tropical,Zona económica exclusiva
2007297N18300,NA,CS,Noel,DS,2007,10,27,25,1004,Depresión tropical,Zona económica exclusiva
2007297N18300,NA,CS,Noel,DS,2007,10,27,25,1004,Depresión tropical,Zona económica exclusiva
2007297N18300,NA,CS,Noel,DS,2007,10,27,25,1004,Depresión tropical,Zona económica exclusiva
2013204N11340,NA,NA,Dorian,DS,2013,7,29,25,1015,Depresión tropical,Zona económica exclusiva
2013204N11340,NA,NA,Dorian,DS,2013,7,30,25,1015,Depresión tropical,Zona económica exclusiva
2013204N11340,NA,NA,Dorian,DS,2013,7,30,25,1015,Depresión tropical,Zona económica exclusiva
2013204N11340,NA,NA,Dorian,DS,2013,7,30,25,1015,Depresión tropical,Zona económica exclusiva
2013248N16294,NA,CS,Gabrielle,DS,2013,9,5,25,1010,Depresión tropical,Zona económica exclusiva
2013248N16294,NA,NA,Gabrielle,DS,2013,9,7,25,1009,Depresión tropical,Zona económica exclusiva
2017224N22293,NA,NA,Gert,DS,2017,8,12,25,1013,Depresión tropical,Zona económica exclusiva
2017224N22293,NA,NA,Gert,DS,2017,8,12,25,1013,Depresión tropical,Zona económica exclusiva
2017224N22293,NA,NA,Gert,DS,2017,8,12,25,1013,Depresión tropical,Zona económica exclusiva
2020318N16289,NA,CS,Iota,DS,2020,11,12,25,1009,Depresión tropical,Zona económica exclusiva
2020318N16289,NA,CS,Iota,DS,2020,11,12,25,1009,Depresión tropical,Zona económica exclusiva
1921323N21295,NA,NA,Unnamed,TS,1921,11,19,28,0,Depresión tropical,Zona económica exclusiva
1970274N15306,NA,NA,Unnamed,TS,1970,10,9,28,0,Depresión tropical,Zona económica exclusiva
1976278N15321,NA,CS,Unnamed,TS,1976,10,11,28,0,Depresión tropical,Zona económica exclusiva
1984348N35300,NA,NA,Lili,TS,1984,12,24,28,1011,Depresión tropical,Zona económica exclusiva
2001235N18296,NA,NA,Dean,TS,2001,8,23,28,1012,Depresión tropical,Zona económica exclusiva
2008287N15291,NA,CS,Omar,TS,2008,10,13,28,1005,Depresión tropical,Zona económica exclusiva
2017224N22293,NA,NA,Gert,DS,2017,8,12,28,1013,Depresión tropical,Zona económica exclusiva
1900297N15296,NA,CS,Unnamed,TS,1900,10,25,30,0,Depresión tropical,Zona económica exclusiva
1902305N20293,NA,NA,Unnamed,TS,1902,11,1,30,0,Depresión tropical,Zona económica exclusiva
1902305N20293,NA,NA,Unnamed,TS,1902,11,1,30,0,Depresión tropical,Zona económica exclusiva
1909178N21288,NA,NA,Unnamed,TS,1909,6,26,30,0,Depresión tropical,Zona económica exclusiva
1909195N12300,NA,CS,Unnamed,TS,1909,7,15,30,0,Depresión tropical,Zona económica exclusiva
1921323N21295,NA,NA,Unnamed,TS,1921,11,19,30,0,Depresión tropical,Zona económica exclusiva
1921323N21295,NA,NA,Unnamed,TS,1921,11,19,30,0,Depresión tropical,Zona económica exclusiva
1921323N21295,NA,NA,Unnamed,TS,1921,11,20,30,0,Depresión tropical,Zona económica exclusiva
1927274N23291,NA,NA,Unnamed,TS,1927,9,30,30,0,Depresión tropical,Zona económica exclusiva
1927274N23291,NA,NA,Unnamed,TS,1927,9,30,30,0,Depresión tropical,Zona económica exclusiva
1931228N14301,NA,NA,Unnamed,TS,1931,8,18,30,0,Depresión tropical,Zona económica exclusiva
1931228N14301,NA,NA,Unnamed,TS,1931,8,18,30,0,Depresión tropical,Zona económica exclusiva
1931228N14301,NA,NA,Unnamed,TS,1931,8,18,30,0,Depresión tropical,Zona económica exclusiva
1933195N15300,NA,CS,Unnamed,TS,1933,7,15,30,0,Depresión tropical,Zona económica exclusiva
1933195N15300,NA,CS,Unnamed,TS,1933,7,15,30,0,Depresión tropical,Zona económica exclusiva
1934233N13302,NA,CS,Unnamed,TS,1934,8,23,30,0,Depresión tropical,Zona económica exclusiva
1935135N17292,NA,CS,Unnamed,TS,1935,5,15,30,0,Depresión tropical,Zona económica exclusiva
1935135N17292,NA,NA,Unnamed,TS,1935,5,16,30,0,Depresión tropical,Zona económica exclusiva
1936217N19300,NA,NA,Unnamed,TS,1936,8,6,30,0,Depresión tropical,Zona económica exclusiva
1939220N19296,NA,NA,Unnamed,TS,1939,8,8,30,0,Depresión tropical,Zona económica exclusiva
1948143N17287,NA,NA,Unnamed,TS,1948,5,23,30,0,Depresión tropical,Zona económica exclusiva
1952268N20291,NA,NA,Charlie,TS,1952,9,24,30,0,Depresión tropical,Zona económica exclusiva
1958289N21291,NA,NA,Unnamed,TS,1958,10,15,30,0,Depresión tropical,Zona económica exclusiva
1966194N17303,NA,NA,Celia,DS,1966,7,15,30,1015,Depresión tropical,Zona económica exclusiva
1970247N17316,NA,NA,Unnamed,TS,1970,9,12,30,0,Depresión tropical,Zona económica exclusiva
1970247N17316,NA,NA,Unnamed,TS,1970,9,13,30,0,Depresión tropical,Zona económica exclusiva
1970274N15306,NA,CS,Unnamed,TS,1970,10,7,30,1004,Depresión tropical,Zona económica exclusiva
1970274N15306,NA,CS,Unnamed,TS,1970,10,7,30,1004,Depresión tropical,Zona económica exclusiva
1970274N15306,NA,CS,Unnamed,TS,1970,10,8,30,0,Depresión tropical,Zona económica exclusiva
1970274N15306,NA,NA,Unnamed,TS,1970,10,9,30,0,Depresión tropical,Zona económica exclusiva
1974258N15295,NA,CS,Fifi:Orlene,TS,1974,9,15,30,0,Depresión tropical,Zona económica exclusiva
1974258N15295,NA,CS,Fifi:Orlene,TS,1974,9,15,30,0,Depresión tropical,Zona económica exclusiva
1974258N15295,NA,CS,Fifi:Orlene,TS,1974,9,15,30,0,Depresión tropical,Zona económica exclusiva
1976278N15321,NA,CS,Unnamed,TS,1976,10,10,30,0,Depresión tropical,Zona económica exclusiva
1976278N15321,NA,CS,Unnamed,TS,1976,10,10,30,0,Depresión tropical,Zona económica exclusiva
1976278N15321,NA,CS,Unnamed,TS,1976,10,10,30,0,Depresión tropical,Zona económica exclusiva
1982257N20291,NA,NA,Debby,TS,1982,9,13,30,1009,Depresión tropical,Zona económica exclusiva
1984281N24291,NA,NA,Josephine,SS,1984,10,8,30,1005,Depresión tropical,Zona económica exclusiva
1987145N21292,NA,NA,Unnamed,TS,1987,5,25,30,0,Depresión tropical,Zona económica exclusiva
1988235N15317,NA,CS,Chris,TS,1988,8,25,30,1009,Depresión tropical,Zona económica exclusiva
1999236N22292,NA,NA,Dennis,TS,1999,8,24,30,1009,Depresión tropical,Zona económica exclusiva
1999236N22292,NA,NA,Dennis,TS,1999,8,24,30,1009,Depresión tropical,Zona económica exclusiva
2000260N15308,NA,CS,Helene,DS,2000,9,18,30,1010,Depresión tropical,Zona económica exclusiva
2000260N15308,NA,CS,Helene,DS,2000,9,18,30,1010,Depresión tropical,Zona económica exclusiva
2001235N18296,NA,NA,Dean,TS,2001,8,23,30,1012,Depresión tropical,Zona económica exclusiva
2001327N31309,NA,NA,Olga,TS,2001,12,1,30,1005,Depresión tropical,Zona económica exclusiva
2001327N31309,NA,NA,Olga,TS,2001,12,1,30,1005,Depresión tropical,Zona económica exclusiva
2001327N31309,NA,NA,Olga,TS,2001,12,1,30,1004,Depresión tropical,Zona económica exclusiva
2002265N10315,NA,CS,Lili,DS,2002,9,26,30,1007,Depresión tropical,Zona económica exclusiva
2002265N10315,NA,CS,Lili,DS,2002,9,26,30,1006,Depresión tropical,Zona económica exclusiva
2006213N16302,NA,NA,Chris,TS,2006,8,3,30,1011,Depresión tropical,Zona económica exclusiva
2007297N18300,NA,CS,Noel,TS,2007,10,28,30,1003,Depresión tropical,Zona económica exclusiva
2008269N21290,NA,NA,Kyle,TS,2008,9,25,30,1005,Depresión tropical,Zona económica exclusiva
2021225N15313,NA,CS,Grace,TS,2021,8,16,30,1011,Depresión tropical,Zona económica exclusiva
2021225N15313,NA,CS,Grace,TS,2021,8,16,30,1010,Depresión tropical,Zona económica exclusiva
2021262N16307,NA,NA,Peter,TS,2021,9,22,30,1008,Depresión tropical,Zona económica exclusiva
2024284N13348,NA,NA,Oscar,DS,2024,10,19,30,1011,Depresión tropical,Zona económica exclusiva
2024284N13348,NA,NA,Oscar,TS,2024,10,19,30,1011,Depresión tropical,Zona económica exclusiva
1902305N20293,NA,NA,Unnamed,TS,1902,11,1,33,0,Depresión tropical,Zona económica exclusiva
1929262N23296,NA,NA,Unnamed,TS,1929,9,21,33,0,Depresión tropical,Zona económica exclusiva
1933195N15300,NA,CS,Unnamed,TS,1933,7,15,33,0,Depresión tropical,Zona económica exclusiva
1934233N13302,NA,CS,Unnamed,TS,1934,8,22,33,0,Depresión tropical,Zona económica exclusiva
1939220N19296,NA,NA,Unnamed,TS,1939,8,8,33,0,Depresión tropical,Zona económica exclusiva
1958289N21291,NA,NA,Unnamed,TS,1958,10,16,33,0,Depresión tropical,Zona económica exclusiva
1966194N17303,NA,NA,Celia,DS,1966,7,15,33,0,Depresión tropical,Zona económica exclusiva
1990203N09318,NA,CS,Arthur,TS,1990,7,27,33,1010,Depresión tropical,Zona económica exclusiva
2000299N22291,NA,NA,Unnamed,ET,2000,10,25,33,1008,Depresión tropical,Zona económica exclusiva
2002265N10315,NA,CS,Lili,DS,2002,9,26,33,1007,Depresión tropical,Zona económica exclusiva
2008269N21290,NA,NA,Kyle,TS,2008,9,25,33,1004,Depresión tropical,Zona económica exclusiva
2021225N15313,NA,CS,Grace,TS,2021,8,16,33,1009,Depresión tropical,Zona económica exclusiva
1886259N21295,NA,NA,Unnamed,TS,1886,9,16,35,0,Tormenta tropical,Zona económica exclusiva
1886259N21295,NA,NA,Unnamed,TS,1886,9,16,35,0,Tormenta tropical,Zona económica exclusiva
1886294N14283,NA,NA,Unnamed,TS,1886,10,22,35,0,Tormenta tropical,Zona económica exclusiva
1888228N23289,NA,NA,Unnamed,TS,1888,8,14,35,0,Tormenta tropical,Zona económica exclusiva
1889231N17291,NA,CS,Unnamed,TS,1889,8,19,35,0,Tormenta tropical,Zona económica exclusiva
1901304N19293,NA,NA,Unnamed,TS,1901,10,31,35,0,Tormenta tropical,Zona económica exclusiva
1902305N20293,NA,NA,Unnamed,TS,1902,11,1,35,0,Tormenta tropical,Zona económica exclusiva
1903202N20292,NA,NA,Unnamed,TS,1903,7,21,35,0,Tormenta tropical,Zona económica exclusiva
1903202N20292,NA,NA,Unnamed,TS,1903,7,21,35,0,Tormenta tropical,Zona económica exclusiva
1906288N21291,NA,NA,Unnamed,TS,1906,10,15,35,0,Tormenta tropical,Zona económica exclusiva
1906288N21291,NA,NA,Unnamed,TS,1906,10,15,35,0,Tormenta tropical,Zona económica exclusiva
1910235N15298,NA,CS,Unnamed,TS,1910,8,24,35,0,Tormenta tropical,Zona económica exclusiva
1919246N16299,NA,NA,Unnamed,TS,1919,9,5,35,0,Tormenta tropical,Zona económica exclusiva
1921323N21295,NA,NA,Unnamed,TS,1921,11,20,35,0,Tormenta tropical,Zona económica exclusiva
1928216N19296,NA,NA,Unnamed,TS,1928,8,4,35,0,Tormenta tropical,Zona económica exclusiva
1929262N23296,NA,NA,Unnamed,TS,1929,9,22,35,0,Tormenta tropical,Zona económica exclusiva
1931244N19299,NA,NA,Unnamed,TS,1931,9,3,35,0,Tormenta tropical,Zona económica exclusiva
1931244N19299,NA,NA,Unnamed,TS,1931,9,3,35,0,Tormenta tropical,Zona económica exclusiva
1933226N14295,NA,CS,Unnamed,TS,1933,8,15,35,0,Tormenta tropical,Zona económica exclusiva
1933226N14295,NA,CS,Unnamed,TS,1933,8,15,35,0,Tormenta tropical,Zona económica exclusiva
1933274N20290,NA,NA,Unnamed,TS,1933,10,3,35,0,Tormenta tropical,Zona económica exclusiva
1935135N17292,NA,NA,Unnamed,TS,1935,5,16,35,0,Tormenta tropical,Zona económica exclusiva
1937237N18299,NA,NA,Unnamed,TS,1937,8,25,35,0,Tormenta tropical,Zona económica exclusiva
1937237N18299,NA,NA,Unnamed,TS,1937,8,26,35,0,Tormenta tropical,Zona económica exclusiva
1937237N18299,NA,NA,Unnamed,TS,1937,8,26,35,0,Tormenta tropical,Zona económica exclusiva
1937237N18299,NA,NA,Unnamed,TS,1937,8,26,35,0,Tormenta tropical,Zona económica exclusiva
1939220N19296,NA,NA,Unnamed,TS,1939,8,9,35,0,Tormenta tropical,Zona económica exclusiva
1939220N19296,NA,NA,Unnamed,TS,1939,8,9,35,0,Tormenta tropical,Zona económica exclusiva
1944213N22291,NA,NA,Unnamed,TS,1944,7,30,35,0,Tormenta tropical,Zona económica exclusiva
1960261N21296,NA,NA,Florence,TS,1960,9,18,35,0,Tormenta tropical,Zona económica exclusiva
1966194N17303,NA,NA,Celia,DS,1966,7,15,35,0,Tormenta tropical,Zona económica exclusiva
1969206N09333,NA,NA,Anna,DS,1969,8,1,35,0,Tormenta tropical,Zona económica exclusiva
1969206N09333,NA,NA,Anna,DS,1969,8,1,35,0,Tormenta tropical,Zona económica exclusiva
1970274N15306,NA,CS,Unnamed,TS,1970,10,6,35,1004,Tormenta tropical,Zona económica exclusiva
1970274N15306,NA,CS,Unnamed,TS,1970,10,6,35,1005,Tormenta tropical,Zona económica exclusiva
1970274N15306,NA,CS,Unnamed,TS,1970,10,6,35,1005,Tormenta tropical,Zona económica exclusiva
1970274N15306,NA,CS,Unnamed,TS,1970,10,6,35,1002,Tormenta tropical,Zona económica exclusiva
1970274N15306,NA,CS,Unnamed,TS,1970,10,7,35,1001,Tormenta tropical,Zona económica exclusiva
1971231N13308,NA,CS,Chloe,TS,1971,8,21,35,0,Tormenta tropical,Zona económica exclusiva
1990277N16301,NA,NA,Klaus,TS,1990,10,8,35,1005,Tormenta tropical,Zona económica exclusiva
2000299N22291,NA,NA,Unnamed,ET,2000,10,25,35,1007,Tormenta tropical,Zona económica exclusiva
2000299N22291,NA,NA,Unnamed,ET,2000,10,25,35,1006,Tormenta tropical,Zona económica exclusiva
2001327N31309,NA,NA,Olga,TS,2001,12,2,35,1003,Tormenta tropical,Zona económica exclusiva
2007297N18300,NA,CS,Noel,TS,2007,10,28,35,1001,Tormenta tropical,Zona económica exclusiva
2010279N22293,NA,NA,Otto,SS,2010,10,6,35,998,Tormenta tropical,Zona económica exclusiva
2022311N21293,NA,NA,Nicole,DS,2022,11,6,35,1005,Tormenta tropical,Zona económica exclusiva
2023232N13300,NA,CS,Franklin,TS,2023,8,22,35,1003,Tormenta tropical,Zona económica exclusiva
1887332N22293,NA,NA,Unnamed,TS,1887,11,27,38,0,Tormenta tropical,Zona económica exclusiva
1889136N19292,NA,NA,Unnamed,TS,1889,5,16,38,0,Tormenta tropical,Zona económica exclusiva
1918252N14300,NA,CS,Unnamed,TS,1918,9,11,38,0,Tormenta tropical,Zona económica exclusiva
1929262N23296,NA,NA,Unnamed,TS,1929,9,22,38,0,Tormenta tropical,Zona económica exclusiva
1934260N13303,NA,NA,Unnamed,TS,1934,9,20,38,0,Tormenta tropical,Zona económica exclusiva
1939220N19296,NA,NA,Unnamed,TS,1939,8,9,38,0,Tormenta tropical,Zona económica exclusiva
1954244N21291,NA,NA,Dolly,TS,1954,8,31,38,0,Tormenta tropical,Zona económica exclusiva
1960261N21296,NA,NA,Florence,TS,1960,9,18,38,0,Tormenta tropical,Zona económica exclusiva
1990203N09318,NA,CS,Arthur,TS,1990,7,26,38,1008,Tormenta tropical,Zona económica exclusiva
1997288N20291,NA,NA,Grace,ET,1997,10,15,38,999,Tormenta tropical,Zona económica exclusiva
2008269N21290,NA,NA,Kyle,TS,2008,9,25,38,1003,Tormenta tropical,Zona económica exclusiva
2023232N13300,NA,CS,Franklin,TS,2023,8,22,38,1003,Tormenta tropical,Zona económica exclusiva
1860262N22294,NA,NA,Unnamed,TS,1860,9,18,40,0,Tormenta tropical,Zona económica exclusiva
1860262N22294,NA,NA,Unnamed,TS,1860,9,18,40,0,Tormenta tropical,Zona económica exclusiva
1860262N22294,NA,NA,Unnamed,TS,1860,9,18,40,0,Tormenta tropical,Zona económica exclusiva
1877267N21292,NA,NA,Unnamed,TS,1877,9,24,40,0,Tormenta tropical,Zona económica exclusiva
1877267N21292,NA,NA,Unnamed,TS,1877,9,24,40,0,Tormenta tropical,Zona económica exclusiva
1877267N21292,NA,NA,Unnamed,TS,1877,9,24,40,0,Tormenta tropical,Zona económica exclusiva
1878267N15288,NA,CS,Unnamed,TS,1878,9,24,40,0,Tormenta tropical,Zona económica exclusiva
1879225N13302,NA,NA,Unnamed,TS,1879,8,14,40,0,Tormenta tropical,Zona económica exclusiva
1879282N14304,NA,CS,Unnamed,TS,1879,10,11,40,0,Tormenta tropical,Zona económica exclusiva
1885233N21293,NA,NA,Unnamed,TS,1885,8,21,40,0,Tormenta tropical,Zona económica exclusiva
1885233N21293,NA,NA,Unnamed,TS,1885,8,21,40,0,Tormenta tropical,Zona económica exclusiva
1885233N21293,NA,NA,Unnamed,TS,1885,8,21,40,0,Tormenta tropical,Zona económica exclusiva
1887332N22293,NA,NA,Unnamed,TS,1887,11,27,40,0,Tormenta tropical,Zona económica exclusiva
1887332N22293,NA,NA,Unnamed,TS,1887,11,28,40,0,Tormenta tropical,Zona económica exclusiva
1889136N19292,NA,NA,Unnamed,TS,1889,5,16,40,0,Tormenta tropical,Zona económica exclusiva
1889231N17291,NA,CS,Unnamed,TS,1889,8,19,40,0,Tormenta tropical,Zona económica exclusiva
1890231N14298,NA,CS,Unnamed,TS,1890,8,20,40,0,Tormenta tropical,Zona económica exclusiva
1890231N14298,NA,CS,Unnamed,TS,1890,8,20,40,0,Tormenta tropical,Zona económica exclusiva
1890231N14298,NA,CS,Unnamed,TS,1890,8,21,40,0,Tormenta tropical,Zona económica exclusiva
1890231N14298,NA,CS,Unnamed,TS,1890,8,21,40,0,Tormenta tropical,Zona económica exclusiva
1890231N14298,NA,CS,Unnamed,TS,1890,8,21,40,0,Tormenta tropical,Zona económica exclusiva
1918252N14300,NA,CS,Unnamed,TS,1918,9,11,40,0,Tormenta tropical,Zona económica exclusiva
1918252N14300,NA,CS,Unnamed,TS,1918,9,11,40,0,Tormenta tropical,Zona económica exclusiva
1918252N14300,NA,CS,Unnamed,TS,1918,9,11,40,0,Tormenta tropical,Zona económica exclusiva
1929262N23296,NA,NA,Unnamed,TS,1929,9,22,40,0,Tormenta tropical,Zona económica exclusiva
1932127N15285,NA,CS,Unnamed,TS,1932,5,6,40,0,Tormenta tropical,Zona económica exclusiva
1932127N15285,NA,CS,Unnamed,TS,1932,5,7,40,0,Tormenta tropical,Zona económica exclusiva
1934260N13303,NA,NA,Unnamed,TS,1934,9,19,40,0,Tormenta tropical,Zona económica exclusiva
1934260N13303,NA,NA,Unnamed,TS,1934,9,20,40,0,Tormenta tropical,Zona económica exclusiva
1935135N17292,NA,NA,Unnamed,TS,1935,5,17,40,0,Tormenta tropical,Zona económica exclusiva
1939220N19296,NA,NA,Unnamed,TS,1939,8,9,40,0,Tormenta tropical,Zona económica exclusiva
1944213N22291,NA,NA,Unnamed,TS,1944,7,30,40,0,Tormenta tropical,Zona económica exclusiva
1954244N21291,NA,NA,Dolly,TS,1954,8,31,40,0,Tormenta tropical,Zona económica exclusiva
1958221N17340,NA,NA,Becky,TS,1958,8,14,40,0,Tormenta tropical,Zona económica exclusiva
1960261N21296,NA,NA,Florence,TS,1960,9,18,40,0,Tormenta tropical,Zona económica exclusiva
1970220N14342,NA,NA,Unnamed,TS,1970,8,14,40,0,Tormenta tropical,Zona económica exclusiva
1971231N13308,NA,CS,Chloe,TS,1971,8,21,40,0,Tormenta tropical,Zona económica exclusiva
1979241N11335,NA,CS,Frederic,TS,1979,9,5,40,1008,Tormenta tropical,Zona económica exclusiva
1990203N09318,NA,CS,Arthur,TS,1990,7,26,40,1007,Tormenta tropical,Zona económica exclusiva
1995193N17305,NA,NA,Chantal,TS,1995,7,15,40,1009,Tormenta tropical,Zona económica exclusiva
1997288N20291,NA,NA,Grace,ET,1997,10,15,40,999,Tormenta tropical,Zona económica exclusiva
1999236N22292,NA,NA,Dennis,TS,1999,8,24,40,1009,Tormenta tropical,Zona económica exclusiva
2005296N16293,NA,CS,Alpha,TS,2005,10,22,40,1003,Tormenta tropical,Zona económica exclusiva
2008241N19303,NA,NA,Hanna,TS,2008,8,31,40,999,Tormenta tropical,Zona económica exclusiva
2008241N19303,NA,NA,Hanna,TS,2008,8,31,40,997,Tormenta tropical,Zona económica exclusiva
2008269N21290,NA,NA,Kyle,TS,2008,9,25,40,1002,Tormenta tropical,Zona económica exclusiva
2010279N22293,NA,NA,Otto,SS,2010,10,6,40,995,Tormenta tropical,Zona económica exclusiva
2013189N09319,NA,CS,Chantal,TS,2013,7,10,40,1011,Tormenta tropical,Zona económica exclusiva
2023232N13300,NA,CS,Franklin,TS,2023,8,23,40,1003,Tormenta tropical,Zona económica exclusiva
1887226N16302,NA,NA,Unnamed,TS,1887,8,16,43,0,Tormenta tropical,Zona económica exclusiva
1901183N09306,NA,CS,Unnamed,TS,1901,7,3,43,0,Tormenta tropical,Zona económica exclusiva
1953251N18295,NA,NA,Dolly,TS,1953,9,8,43,0,Tormenta tropical,Zona económica exclusiva
1958257N17293,NA,CS,Gerda,TS,1958,9,14,43,0,Tormenta tropical,Zona económica exclusiva
1970220N14342,NA,NA,Unnamed,TS,1970,8,14,43,0,Tormenta tropical,Zona económica exclusiva
1979241N11335,NA,CS,Frederic,TS,1979,9,5,43,1008,Tormenta tropical,Zona económica exclusiva
1990277N16301,NA,NA,Klaus,TS,1990,10,8,43,1005,Tormenta tropical,Zona económica exclusiva
2003339N13284,NA,NA,Odette,TS,2003,12,7,43,1003,Tormenta tropical,Zona económica exclusiva
2008241N19303,NA,NA,Hanna,TS,2008,8,31,43,999,Tormenta tropical,Zona económica exclusiva
2023232N13300,NA,NA,Franklin,TS,2023,8,24,43,1003,Tormenta tropical,Zona económica exclusiva
1878267N15288,NA,CS,Unnamed,TS,1878,9,24,45,0,Tormenta tropical,Zona económica exclusiva
1886294N14283,NA,NA,Unnamed,TS,1886,10,23,45,0,Tormenta tropical,Zona económica exclusiva
1887211N10310,NA,CS,Unnamed,TS,1887,8,5,45,0,Tormenta tropical,Zona económica exclusiva
1887211N10310,NA,CS,Unnamed,TS,1887,8,5,45,0,Tormenta tropical,Zona económica exclusiva
1887226N16302,NA,NA,Unnamed,TS,1887,8,16,45,0,Tormenta tropical,Zona económica exclusiva
1900239N15318,NA,CS,Unnamed,TS,1900,9,1,45,0,Tormenta tropical,Zona económica exclusiva
1918213N13302,NA,CS,Unnamed,TS,1918,8,3,45,0,Tormenta tropical,Zona económica exclusiva
1931223N14299,NA,CS,Unnamed,TS,1931,8,12,45,0,Tormenta tropical,Zona económica exclusiva
1931223N14299,NA,CS,Unnamed,TS,1931,8,12,45,0,Tormenta tropical,Zona económica exclusiva
1931223N14299,NA,CS,Unnamed,TS,1931,8,12,45,0,Tormenta tropical,Zona económica exclusiva
1934324N23299,NA,NA,Unnamed,TS,1934,11,28,45,0,Tormenta tropical,Zona económica exclusiva
1942259N13301,NA,CS,Unnamed,TS,1942,9,17,45,0,Tormenta tropical,Zona económica exclusiva
1942259N13301,NA,CS,Unnamed,TS,1942,9,17,45,0,Tormenta tropical,Zona económica exclusiva
1942259N13301,NA,CS,Unnamed,TS,1942,9,17,45,0,Tormenta tropical,Zona económica exclusiva
1943226N17300,NA,NA,Unnamed,TS,1943,8,14,45,0,Tormenta tropical,Zona económica exclusiva
1943226N17300,NA,NA,Unnamed,TS,1943,8,15,45,0,Tormenta tropical,Zona económica exclusiva
1943226N17300,NA,NA,Unnamed,TS,1943,8,15,45,0,Tormenta tropical,Zona económica exclusiva
1945230N17307,NA,NA,Unnamed,TS,1945,8,20,45,0,Tormenta tropical,Zona económica exclusiva
1954244N21291,NA,NA,Dolly,TS,1954,8,31,45,0,Tormenta tropical,Zona económica exclusiva
1954248N20295,NA,NA,Edna,TS,1954,9,6,45,0,Tormenta tropical,Zona económica exclusiva
1961273N16302,NA,CS,Frances,TS,1961,10,3,45,0,Tormenta tropical,Zona económica exclusiva
1974241N17304,NA,CS,Carmen,TS,1974,8,31,45,0,Tormenta tropical,Zona económica exclusiva
1978281N18304,NA,NA,Juliet,TS,1978,10,10,45,1006,Tormenta tropical,Zona económica exclusiva
1978281N18304,NA,NA,Juliet,TS,1978,10,10,45,1006,Tormenta tropical,Zona económica exclusiva
1979241N11335,NA,CS,Frederic,TS,1979,9,5,45,1007,Tormenta tropical,Zona económica exclusiva
1990277N16301,NA,NA,Klaus,TS,1990,10,8,45,1004,Tormenta tropical,Zona económica exclusiva
1995193N17305,NA,NA,Chantal,TS,1995,7,15,45,1006,Tormenta tropical,Zona económica exclusiva
1995193N17305,NA,NA,Chantal,TS,1995,7,15,45,1006,Tormenta tropical,Zona económica exclusiva
1995193N17305,NA,NA,Chantal,TS,1995,7,15,45,1005,Tormenta tropical,Zona económica exclusiva
2003339N13284,NA,NA,Odette,ET,2003,12,7,45,1002,Tormenta tropical,Zona económica exclusiva
2005296N16293,NA,CS,Alpha,TS,2005,10,23,45,1000,Tormenta tropical,Zona económica exclusiva
2008241N19303,NA,NA,Hanna,TS,2008,8,30,45,1000,Tormenta tropical,Zona económica exclusiva
2008241N19303,NA,NA,Hanna,TS,2008,8,30,45,1000,Tormenta tropical,Zona económica exclusiva
2008241N19303,NA,NA,Hanna,TS,2008,8,31,45,999,Tormenta tropical,Zona económica exclusiva
2010279N22293,NA,NA,Otto,SS,2010,10,6,45,993,Tormenta tropical,Zona económica exclusiva
2011214N15299,NA,CS,Emily,TS,2011,8,3,45,1003,Tormenta tropical,Zona económica exclusiva
2011214N15299,NA,CS,Emily,TS,2011,8,3,45,1003,Tormenta tropical,Zona económica exclusiva
2011214N15299,NA,CS,Emily,TS,2011,8,3,45,1003,Tormenta tropical,Zona económica exclusiva
2011214N15299,NA,CS,Emily,TS,2011,8,4,45,1004,Tormenta tropical,Zona económica exclusiva
2011214N15299,NA,CS,Emily,TS,2011,8,4,45,1005,Tormenta tropical,Zona económica exclusiva
2011250N12324,NA,NA,Maria,TS,2011,9,13,45,1006,Tormenta tropical,Zona económica exclusiva
2011250N12324,NA,NA,Maria,TS,2011,9,13,45,1006,Tormenta tropical,Zona económica exclusiva
2011250N12324,NA,NA,Maria,TS,2011,9,13,45,1006,Tormenta tropical,Zona económica exclusiva
2011250N12324,NA,NA,Maria,TS,2011,9,13,45,1005,Tormenta tropical,Zona económica exclusiva
2011250N12324,NA,NA,Maria,TS,2011,9,14,45,1004,Tormenta tropical,Zona económica exclusiva
2012234N16315,NA,CS,Isaac,TS,2012,8,24,45,998,Tormenta tropical,Zona económica exclusiva
2023232N13300,NA,NA,Franklin,TS,2023,8,25,45,1003,Tormenta tropical,Zona económica exclusiva
2023232N13300,NA,NA,Franklin,TS,2023,8,25,45,1003,Tormenta tropical,Zona económica exclusiva
1887211N10310,NA,CS,Unnamed,TS,1887,8,5,48,0,Tormenta tropical,Zona económica exclusiva
1889136N19292,NA,NA,Unnamed,TS,1889,5,17,48,0,Tormenta tropical,Zona económica exclusiva
1924229N11305,NA,NA,Unnamed,TS,1924,8,19,48,0,Tormenta tropical,Zona económica exclusiva
1932127N15285,NA,NA,Unnamed,TS,1932,5,7,48,0,Tormenta tropical,Zona económica exclusiva
1934324N23299,NA,NA,Unnamed,TS,1934,11,27,48,0,Tormenta tropical,Zona económica exclusiva
1947290N19297,NA,NA,Unnamed,TS,1947,10,17,48,0,Tormenta tropical,Zona económica exclusiva
1955255N19294,NA,NA,Hilda,TS,1955,9,12,48,0,Tormenta tropical,Zona económica exclusiva
2007297N18300,NA,CS,Noel,TS,2007,10,29,48,1001,Tormenta tropical,Zona económica exclusiva
2008241N19303,NA,NA,Hanna,TS,2008,8,31,48,999,Tormenta tropical,Zona económica exclusiva
2010279N22293,NA,NA,Otto,TS,2010,10,7,48,993,Tormenta tropical,Zona económica exclusiva
2011250N12324,NA,NA,Maria,TS,2011,9,14,48,1003,Tormenta tropical,Zona económica exclusiva
2023232N13300,NA,NA,Franklin,TS,2023,8,24,48,1000,Tormenta tropical,Zona económica exclusiva
2023232N13300,NA,NA,Franklin,TS,2023,8,25,48,1003,Tormenta tropical,Zona económica exclusiva
1861185N15303,NA,NA,Unnamed,TS,1861,7,8,50,0,Tormenta tropical,Zona económica exclusiva
1878267N15288,NA,CS,Unnamed,TS,1878,9,24,50,0,Tormenta tropical,Zona económica exclusiva
1878267N15288,NA,CS,Unnamed,TS,1878,9,24,50,0,Tormenta tropical,Zona económica exclusiva
1879282N14304,NA,CS,Unnamed,TS,1879,10,11,50,0,Tormenta tropical,Zona económica exclusiva
1880217N16300,NA,CS,Unnamed,TS,1880,8,5,50,0,Tormenta tropical,Zona económica exclusiva
1880217N16300,NA,CS,Unnamed,TS,1880,8,5,50,0,Tormenta tropical,Zona económica exclusiva
1882244N19296,NA,NA,Unnamed,TS,1882,9,2,50,0,Tormenta tropical,Zona económica exclusiva
1886294N14283,NA,NA,Unnamed,TS,1886,10,23,50,0,Tormenta tropical,Zona económica exclusiva
1887211N10310,NA,CS,Unnamed,TS,1887,8,4,50,0,Tormenta tropical,Zona económica exclusiva
1887211N10310,NA,CS,Unnamed,TS,1887,8,5,50,0,Tormenta tropical,Zona económica exclusiva
1887226N16302,NA,NA,Unnamed,TS,1887,8,16,50,0,Tormenta tropical,Zona económica exclusiva
1889136N19292,NA,NA,Unnamed,TS,1889,5,17,50,0,Tormenta tropical,Zona económica exclusiva
1889136N19292,NA,NA,Unnamed,TS,1889,5,17,50,0,Tormenta tropical,Zona económica exclusiva
1889255N16301,NA,CS,Unnamed,TS,1889,9,13,50,0,Tormenta tropical,Zona económica exclusiva
1889255N16301,NA,CS,Unnamed,TS,1889,9,14,50,0,Tormenta tropical,Zona económica exclusiva
1889255N16301,NA,CS,Unnamed,TS,1889,9,14,50,0,Tormenta tropical,Zona económica exclusiva
1896266N17298,NA,CS,Unnamed,TS,1896,9,24,50,0,Tormenta tropical,Zona económica exclusiva
1898275N11302,NA,CS,Unnamed,TS,1898,10,5,50,0,Tormenta tropical,Zona económica exclusiva
1898275N11302,NA,CS,Unnamed,TS,1898,10,5,50,0,Tormenta tropical,Zona económica exclusiva
1898275N11302,NA,CS,Unnamed,TS,1898,10,6,50,0,Tormenta tropical,Zona económica exclusiva
1898300N18299,NA,CS,Unnamed,TS,1898,10,28,50,0,Tormenta tropical,Zona económica exclusiva
1898300N18299,NA,CS,Unnamed,TS,1898,10,29,50,0,Tormenta tropical,Zona económica exclusiva
1898300N18299,NA,CS,Unnamed,TS,1898,10,29,50,0,Tormenta tropical,Zona económica exclusiva
1898300N18299,NA,CS,Unnamed,TS,1898,10,29,50,0,Tormenta tropical,Zona económica exclusiva
1898300N18299,NA,CS,Unnamed,TS,1898,10,29,50,0,Tormenta tropical,Zona económica exclusiva
1901183N09306,NA,CS,Unnamed,TS,1901,7,4,50,0,Tormenta tropical,Zona económica exclusiva
1916192N12308,NA,NA,Unnamed,TS,1916,7,14,50,0,Tormenta tropical,Zona económica exclusiva
1924229N11305,NA,NA,Unnamed,TS,1924,8,19,50,0,Tormenta tropical,Zona económica exclusiva
1931223N14299,NA,CS,Unnamed,TS,1931,8,12,50,0,Tormenta tropical,Zona económica exclusiva
1932127N15285,NA,NA,Unnamed,TS,1932,5,8,50,0,Tormenta tropical,Zona económica exclusiva
1932244N19296,NA,NA,Unnamed,TS,1932,9,1,50,0,Tormenta tropical,Zona económica exclusiva
1932244N19296,NA,NA,Unnamed,TS,1932,9,1,50,0,Tormenta tropical,Zona económica exclusiva
1932244N19296,NA,NA,Unnamed,TS,1932,9,1,50,0,Tormenta tropical,Zona económica exclusiva
1934324N23299,NA,NA,Unnamed,TS,1934,11,27,50,0,Tormenta tropical,Zona económica exclusiva
1934324N23299,NA,NA,Unnamed,TS,1934,11,27,50,0,Tormenta tropical,Zona económica exclusiva
1947290N19297,NA,NA,Unnamed,TS,1947,10,17,50,0,Tormenta tropical,Zona económica exclusiva
1951003N31302,NA,NA,Unnamed,TS,1951,1,8,50,0,Tormenta tropical,Zona económica exclusiva
1954248N20295,NA,NA,Edna,TS,1954,9,6,50,0,Tormenta tropical,Zona económica exclusiva
1954248N20295,NA,NA,Edna,TS,1954,9,6,50,0,Tormenta tropical,Zona económica exclusiva
1955288N13281,NA,NA,Katie,TS,1955,10,17,50,0,Tormenta tropical,Zona económica exclusiva
1955288N13281,NA,NA,Katie,TS,1955,10,18,50,0,Tormenta tropical,Zona económica exclusiva
1955288N13281,NA,NA,Katie,TS,1955,10,18,50,0,Tormenta tropical,Zona económica exclusiva
2001235N18296,NA,NA,Dean,TS,2001,8,23,50,1010,Tormenta tropical,Zona económica exclusiva
2004223N11301,NA,CS,Charley,TS,2004,8,10,50,1000,Tormenta tropical,Zona económica exclusiva
2007297N18300,NA,CS,Noel,TS,2007,10,28,50,998,Tormenta tropical,Zona económica exclusiva
2008238N13293,NA,CS,Gustav,TS,2008,8,25,50,996,Tormenta tropical,Zona económica exclusiva
2010279N22293,NA,NA,Otto,SS,2010,10,6,50,991,Tormenta tropical,Zona económica exclusiva
2011250N12324,NA,NA,Maria,TS,2011,9,12,50,1006,Tormenta tropical,Zona económica exclusiva
2011250N12324,NA,NA,Maria,TS,2011,9,12,50,1006,Tormenta tropical,Zona económica exclusiva
2012234N16315,NA,CS,Isaac,TS,2012,8,24,50,995,Tormenta tropical,Zona económica exclusiva
2023232N13300,NA,NA,Franklin,TS,2023,8,24,50,999,Tormenta tropical,Zona económica exclusiva
2023232N13300,NA,NA,Franklin,TS,2023,8,24,50,1000,Tormenta tropical,Zona económica exclusiva
2023232N13300,NA,NA,Franklin,TS,2023,8,25,50,1000,Tormenta tropical,Zona económica exclusiva
2023232N13300,NA,NA,Franklin,TS,2023,8,26,50,1002,Tormenta tropical,Zona económica exclusiva
1886294N14283,NA,NA,Unnamed,TS,1886,10,23,53,0,Tormenta tropical,Zona económica exclusiva
1889231N17291,NA,NA,Unnamed,TS,1889,8,21,53,0,Tormenta tropical,Zona económica exclusiva
1901183N09306,NA,CS,Unnamed,TS,1901,7,4,53,0,Tormenta tropical,Zona económica exclusiva
1924229N11305,NA,NA,Unnamed,TS,1924,8,19,53,0,Tormenta tropical,Zona económica exclusiva
1934324N23299,NA,NA,Unnamed,TS,1934,11,27,53,0,Tormenta tropical,Zona económica exclusiva
1971231N13308,NA,CS,Chloe,TS,1971,8,20,53,0,Tormenta tropical,Zona económica exclusiva
2003339N13284,NA,CS,Odette,TS,2003,12,6,53,995,Tormenta tropical,Zona económica exclusiva
2010279N22293,NA,NA,Otto,SS,2010,10,6,53,990,Tormenta tropical,Zona económica exclusiva
2012234N16315,NA,CS,Isaac,TS,2012,8,24,53,994,Tormenta tropical,Zona económica exclusiva
1861185N15303,NA,NA,Unnamed,TS,1861,7,8,55,0,Tormenta tropical,Zona económica exclusiva
1878329N15310,NA,CS,Unnamed,TS,1878,11,30,55,0,Tormenta tropical,Zona económica exclusiva
1886294N14283,NA,NA,Unnamed,TS,1886,10,23,55,0,Tormenta tropical,Zona económica exclusiva
1889231N17291,NA,NA,Unnamed,TS,1889,8,21,55,0,Tormenta tropical,Zona económica exclusiva
1896266N17298,NA,CS,Unnamed,TS,1896,9,24,55,0,Tormenta tropical,Zona económica exclusiva
1901183N09306,NA,CS,Unnamed,TS,1901,7,4,55,0,Tormenta tropical,Zona económica exclusiva
1924229N11305,NA,NA,Unnamed,TS,1924,8,20,55,0,Tormenta tropical,Zona económica exclusiva
1932244N19296,NA,NA,Unnamed,TS,1932,9,2,55,0,Tormenta tropical,Zona económica exclusiva
1936263N19300,NA,NA,Unnamed,TS,1936,9,20,55,0,Tormenta tropical,Zona económica exclusiva
1939285N18298,NA,NA,Unnamed,TS,1939,10,13,55,0,Tormenta tropical,Zona económica exclusiva
1944206N13303,NA,CS,Unnamed,TS,1944,7,26,55,0,Tormenta tropical,Zona económica exclusiva
1944206N13303,NA,CS,Unnamed,TS,1944,7,26,55,0,Tormenta tropical,Zona económica exclusiva
1944206N13303,NA,CS,Unnamed,TS,1944,7,26,55,0,Tormenta tropical,Zona económica exclusiva
1951003N31302,NA,NA,Unnamed,TS,1951,1,8,55,0,Tormenta tropical,Zona económica exclusiva
1952231N15341,NA,NA,Able,TS,1952,8,28,55,0,Tormenta tropical,Zona económica exclusiva
1953251N18295,NA,NA,Dolly,TS,1953,9,9,55,0,Tormenta tropical,Zona económica exclusiva
1961273N16302,NA,NA,Frances,TS,1961,10,4,55,1005,Tormenta tropical,Zona económica exclusiva
2001278N12302,NA,CS,Iris,TS,2001,10,6,55,998,Tormenta tropical,Zona económica exclusiva
2003188N11307,NA,CS,Claudette,TS,2003,7,9,55,1002,Tormenta tropical,Zona económica exclusiva
2003339N13284,NA,CS,Odette,TS,2003,12,6,55,995,Tormenta tropical,Zona económica exclusiva
2003339N13284,NA,CS,Odette,TS,2003,12,6,55,995,Tormenta tropical,Zona económica exclusiva
2004223N11301,NA,CS,Charley,TS,2004,8,11,55,999,Tormenta tropical,Zona económica exclusiva
2006237N13298,NA,CS,Ernesto,TS,2006,8,26,55,997,Tormenta tropical,Zona económica exclusiva
2006237N13298,NA,CS,Ernesto,TS,2006,8,27,55,995,Tormenta tropical,Zona económica exclusiva
2010279N22293,NA,NA,Otto,SS,2010,10,7,55,989,Tormenta tropical,Zona económica exclusiva
2012234N16315,NA,CS,Isaac,TS,2012,8,24,55,993,Tormenta tropical,Zona económica exclusiva
1896266N17298,NA,CS,Unnamed,TS,1896,9,24,58,0,Tormenta tropical,Zona económica exclusiva
1916192N12308,NA,NA,Unnamed,TS,1916,7,14,58,0,Tormenta tropical,Zona económica exclusiva
1932244N19296,NA,NA,Unnamed,TS,1932,9,2,58,0,Tormenta tropical,Zona económica exclusiva
1952231N15341,NA,NA,Able,TS,1952,8,28,58,0,Tormenta tropical,Zona económica exclusiva
1961273N16302,NA,NA,Frances,TS,1961,10,4,58,1004,Tormenta tropical,Zona económica exclusiva
1852232N21293,NA,NA,Unnamed,TS,1852,8,19,60,0,Tormenta tropical,Zona económica exclusiva
1852232N21293,NA,NA,Unnamed,TS,1852,8,19,60,0,Tormenta tropical,Zona económica exclusiva
1852232N21293,NA,NA,Unnamed,TS,1852,8,19,60,0,Tormenta tropical,Zona económica exclusiva
1861185N15303,NA,NA,Unnamed,TS,1861,7,9,60,0,Tormenta tropical,Zona económica exclusiva
1878267N15288,NA,CS,Unnamed,TS,1878,9,25,60,0,Tormenta tropical,Zona económica exclusiva
1878267N15288,NA,CS,Unnamed,TS,1878,9,25,60,0,Tormenta tropical,Zona económica exclusiva
1878329N15310,NA,CS,Unnamed,TS,1878,11,29,60,0,Tormenta tropical,Zona económica exclusiva
1878329N15310,NA,CS,Unnamed,TS,1878,11,30,60,0,Tormenta tropical,Zona económica exclusiva
1878329N15310,NA,CS,Unnamed,TS,1878,11,30,60,0,Tormenta tropical,Zona económica exclusiva
1878329N15310,NA,CS,Unnamed,TS,1878,11,30,60,0,Tormenta tropical,Zona económica exclusiva
1878329N15310,NA,CS,Unnamed,TS,1878,11,30,60,0,Tormenta tropical,Zona económica exclusiva
1880228N14301,NA,CS,Unnamed,TS,1880,8,17,60,0,Tormenta tropical,Zona económica exclusiva
1882244N19296,NA,NA,Unnamed,TS,1882,9,3,60,0,Tormenta tropical,Zona económica exclusiva
1887282N19300,NA,NA,Unnamed,TS,1887,10,10,60,0,Tormenta tropical,Zona económica exclusiva
1901185N10305,NA,CS,Unnamed,TS,1901,7,7,60,0,Tormenta tropical,Zona económica exclusiva
1916192N12308,NA,NA,Unnamed,TS,1916,7,14,60,0,Tormenta tropical,Zona económica exclusiva
1924229N11305,NA,NA,Unnamed,TS,1924,8,20,60,0,Tormenta tropical,Zona económica exclusiva
1924229N11305,NA,NA,Unnamed,TS,1924,8,20,60,0,Tormenta tropical,Zona económica exclusiva
1936263N19300,NA,NA,Unnamed,TS,1936,9,20,60,0,Tormenta tropical,Zona económica exclusiva
1939285N18298,NA,NA,Unnamed,TS,1939,10,14,60,0,Tormenta tropical,Zona económica exclusiva
1947290N19297,NA,NA,Unnamed,TS,1947,10,18,60,0,Tormenta tropical,Zona económica exclusiva
1951239N12334,NA,CS,Dog,TS,1951,9,4,60,0,Tormenta tropical,Zona económica exclusiva
1953251N18295,NA,NA,Dolly,TS,1953,9,10,60,0,Tormenta tropical,Zona económica exclusiva
1953251N18295,NA,NA,Dolly,TS,1953,9,10,60,999,Tormenta tropical,Zona económica exclusiva
1975256N18306,NA,NA,Eloise,TS,1975,9,16,60,1002,Tormenta tropical,Zona económica exclusiva
2001278N12302,NA,CS,Iris,TS,2001,10,6,60,995,Tormenta tropical,Zona económica exclusiva
2006237N13298,NA,CS,Ernesto,TS,2006,8,27,60,994,Tormenta tropical,Zona económica exclusiva
2010302N09306,NA,NA,Tomas,TS,2010,11,6,60,990,Tormenta tropical,Zona económica exclusiva
2021182N09317,NA,CS,Elsa,TS,2021,7,3,60,1001,Tormenta tropical,Zona económica exclusiva
2024284N13348,NA,NA,Oscar,TS,2024,10,19,60,994,Tormenta tropical,Zona económica exclusiva
1899241N17303,NA,NA,Unnamed,TS,1899,9,2,63,0,Tormenta tropical,Zona económica exclusiva
1928221N12300,NA,CS,Unnamed,TS,1928,8,9,63,0,Tormenta tropical,Zona económica exclusiva
1936263N19300,NA,NA,Unnamed,TS,1936,9,20,63,0,Tormenta tropical,Zona económica exclusiva
1949246N19295,NA,NA,Unnamed,TS,1949,9,4,63,993,Tormenta tropical,Zona económica exclusiva
1961273N16302,NA,NA,Frances,TS,1961,10,4,63,1001,Tormenta tropical,Zona económica exclusiva
1966233N13340,NA,NA,Faith,TS,1966,8,27,63,991,Tormenta tropical,Zona económica exclusiva
2021182N09317,NA,CS,Elsa,TS,2021,7,3,63,999,Tormenta tropical,Zona económica exclusiva
1873269N13303,NA,CS,Unnamed,TS,1873,9,27,65,0,Huracan Categoria 1,Zona económica exclusiva
1880228N14301,NA,CS,Unnamed,TS,1880,8,17,65,0,Huracan Categoria 1,Zona económica exclusiva
1894294N21300,NA,NA,Unnamed,TS,1894,10,23,65,0,Huracan Categoria 1,Zona económica exclusiva
1899241N17303,NA,NA,Unnamed,TS,1899,9,3,65,0,Huracan Categoria 1,Zona económica exclusiva
1916225N13305,NA,CS,Unnamed,TS,1916,8,15,65,0,Huracan Categoria 1,Zona económica exclusiva
1916234N16300,NA,NA,Unnamed,TS,1916,8,22,65,0,Huracan Categoria 1,Zona económica exclusiva
1928221N12300,NA,CS,Unnamed,TS,1928,8,9,65,0,Huracan Categoria 1,Zona económica exclusiva
1936263N19300,NA,NA,Unnamed,TS,1936,9,20,65,0,Huracan Categoria 1,Zona económica exclusiva
1940252N15313,NA,NA,Unnamed,TS,1940,9,12,65,0,Huracan Categoria 1,Zona económica exclusiva
1949235N18300,NA,NA,Unnamed,TS,1949,8,24,65,0,Huracan Categoria 1,Zona económica exclusiva
1953251N18295,NA,NA,Dolly,TS,1953,9,10,65,990,Huracan Categoria 1,Zona económica exclusiva
1956305N20285,NA,NA,Greta,TS,1956,11,4,65,0,Huracan Categoria 1,Zona económica exclusiva
1975256N18306,NA,NA,Eloise,TS,1975,9,16,65,1002,Huracan Categoria 1,Zona económica exclusiva
1996248N15319,NA,CS,Hortense,TS,1996,9,10,65,990,Huracan Categoria 1,Zona económica exclusiva
1998232N15312,NA,NA,Bonnie,TS,1998,8,22,65,991,Huracan Categoria 1,Zona económica exclusiva
2001278N12302,NA,CS,Iris,TS,2001,10,6,65,992,Huracan Categoria 1,Zona económica exclusiva
2006237N13298,NA,CS,Ernesto,TS,2006,8,27,65,992,Huracan Categoria 1,Zona económica exclusiva
2024222N11327,NA,NA,Ernesto,TS,2024,8,14,65,990,Huracan Categoria 1,Zona económica exclusiva
2004258N16300,NA,NA,Jeanne,TS,2004,9,16,66,988,Huracan Categoria 1,Zona económica exclusiva
1916240N14312,NA,CS,Unnamed,TS,1916,8,30,68,0,Huracan Categoria 1,Zona económica exclusiva
1928221N12300,NA,CS,Unnamed,TS,1928,8,9,68,0,Huracan Categoria 1,Zona económica exclusiva
1936263N19300,NA,NA,Unnamed,TS,1936,9,20,68,0,Huracan Categoria 1,Zona económica exclusiva
1947290N19297,NA,NA,Unnamed,TS,1947,10,18,68,0,Huracan Categoria 1,Zona económica exclusiva
1949246N19295,NA,NA,Unnamed,TS,1949,9,3,68,989,Huracan Categoria 1,Zona económica exclusiva
1956305N20285,NA,NA,Greta,TS,1956,11,4,68,0,Huracan Categoria 1,Zona económica exclusiva
1998232N15312,NA,NA,Bonnie,TS,1998,8,22,68,990,Huracan Categoria 1,Zona económica exclusiva
2020211N13306,NA,NA,Isaias,TS,2020,7,31,68,993,Huracan Categoria 1,Zona económica exclusiva
1852232N21293,NA,NA,Unnamed,TS,1852,8,20,70,0,Huracan Categoria 1,Zona económica exclusiva
1857267N16305,NA,CS,Unnamed,TS,1857,9,26,70,0,Huracan Categoria 1,Zona económica exclusiva
1857267N16305,NA,CS,Unnamed,TS,1857,9,26,70,0,Huracan Categoria 1,Zona económica exclusiva
1857267N16305,NA,CS,Unnamed,TS,1857,9,26,70,0,Huracan Categoria 1,Zona económica exclusiva
1864239N15306,NA,CS,Unnamed,TS,1864,8,28,70,0,Huracan Categoria 1,Zona económica exclusiva
1864239N15306,NA,CS,Unnamed,TS,1864,8,29,70,0,Huracan Categoria 1,Zona económica exclusiva
1867209N18303,NA,NA,Unnamed,TS,1867,7,29,70,0,Huracan Categoria 1,Zona económica exclusiva
1867209N18303,NA,NA,Unnamed,TS,1867,7,30,70,0,Huracan Categoria 1,Zona económica exclusiva
1873269N13303,NA,CS,Unnamed,TS,1873,9,27,70,0,Huracan Categoria 1,Zona económica exclusiva
1873269N13303,NA,CS,Unnamed,TS,1873,9,27,70,0,Huracan Categoria 1,Zona económica exclusiva
1876254N15320,NA,CS,Unnamed,TS,1876,9,13,70,0,Huracan Categoria 1,Zona económica exclusiva
1878267N15288,NA,CS,Unnamed,TS,1878,9,25,70,0,Huracan Categoria 1,Zona económica exclusiva
1880228N14301,NA,CS,Unnamed,TS,1880,8,18,70,0,Huracan Categoria 1,Zona económica exclusiva
1881233N17303,NA,NA,Unnamed,TS,1881,8,24,70,0,Huracan Categoria 1,Zona económica exclusiva
1881233N17303,NA,NA,Unnamed,TS,1881,8,24,70,0,Huracan Categoria 1,Zona económica exclusiva
1881233N17303,NA,NA,Unnamed,TS,1881,8,24,70,0,Huracan Categoria 1,Zona económica exclusiva
1881233N17303,NA,NA,Unnamed,TS,1881,8,24,70,0,Huracan Categoria 1,Zona económica exclusiva
1895234N13302,NA,CS,Unnamed,TS,1895,8,24,70,0,Huracan Categoria 1,Zona económica exclusiva
1899241N17303,NA,CS,Unnamed,TS,1899,8,31,70,0,Huracan Categoria 1,Zona económica exclusiva
1899241N17303,NA,CS,Unnamed,TS,1899,8,31,70,0,Huracan Categoria 1,Zona económica exclusiva
1899241N17303,NA,CS,Unnamed,TS,1899,9,1,70,0,Huracan Categoria 1,Zona económica exclusiva
1899241N17303,NA,CS,Unnamed,TS,1899,9,1,70,0,Huracan Categoria 1,Zona económica exclusiva
1899241N17303,NA,NA,Unnamed,TS,1899,9,3,70,0,Huracan Categoria 1,Zona económica exclusiva
1910248N17302,NA,CS,Unnamed,TS,1910,9,8,70,0,Huracan Categoria 1,Zona económica exclusiva
1916240N14312,NA,CS,Unnamed,TS,1916,8,29,70,0,Huracan Categoria 1,Zona económica exclusiva
1928221N12300,NA,CS,Unnamed,TS,1928,8,10,70,0,Huracan Categoria 1,Zona económica exclusiva
1939285N18298,NA,NA,Unnamed,TS,1939,10,14,70,0,Huracan Categoria 1,Zona económica exclusiva
1941277N21298,NA,NA,Unnamed,TS,1941,10,4,70,0,Huracan Categoria 1,Zona económica exclusiva
1949235N18300,NA,NA,Unnamed,TS,1949,8,24,70,0,Huracan Categoria 1,Zona económica exclusiva
1949235N18300,NA,NA,Unnamed,TS,1949,8,25,70,0,Huracan Categoria 1,Zona económica exclusiva
1951224N12316,NA,CS,Charlie,TS,1951,8,16,70,0,Huracan Categoria 1,Zona económica exclusiva
1955255N19294,NA,NA,Hilda,TS,1955,9,13,70,0,Huracan Categoria 1,Zona económica exclusiva
1958242N13302,NA,CS,Ella,TS,1958,8,31,70,0,Huracan Categoria 1,Zona económica exclusiva
1965239N11310,NA,NA,Betsy,TS,1965,9,1,70,986,Huracan Categoria 1,Zona económica exclusiva
1965239N11310,NA,NA,Betsy,TS,1965,9,1,70,988,Huracan Categoria 1,Zona económica exclusiva
1966233N13340,NA,NA,Faith,TS,1966,8,27,70,983,Huracan Categoria 1,Zona económica exclusiva
1998232N15312,NA,NA,Bonnie,TS,1998,8,22,70,989,Huracan Categoria 1,Zona económica exclusiva
2005186N12299,NA,CS,Dennis,TS,2005,7,7,70,982,Huracan Categoria 1,Zona económica exclusiva
2024284N13348,NA,NA,Oscar,TS,2024,10,19,70,989,Huracan Categoria 1,Zona económica exclusiva
1908266N13314,NA,CS,Unnamed,TS,1908,9,27,73,0,Huracan Categoria 1,Zona económica exclusiva
1917263N13303,NA,CS,Unnamed,TS,1917,9,22,73,0,Huracan Categoria 1,Zona económica exclusiva
1949235N18300,NA,NA,Unnamed,TS,1949,8,25,73,0,Huracan Categoria 1,Zona económica exclusiva
1958242N13302,NA,CS,Ella,TS,1958,8,31,73,0,Huracan Categoria 1,Zona económica exclusiva
1998232N15312,NA,NA,Bonnie,TS,1998,8,22,73,985,Huracan Categoria 1,Zona económica exclusiva
1867209N18303,NA,NA,Unnamed,TS,1867,7,30,75,0,Huracan Categoria 1,Zona económica exclusiva
1878244N09306,NA,CS,Unnamed,TS,1878,9,4,75,0,Huracan Categoria 1,Zona económica exclusiva
1895234N13302,NA,CS,Unnamed,TS,1895,8,24,75,0,Huracan Categoria 1,Zona económica exclusiva
1899241N17303,NA,NA,Unnamed,TS,1899,9,3,75,0,Huracan Categoria 1,Zona económica exclusiva
1908266N13314,NA,CS,Unnamed,TS,1908,9,27,75,0,Huracan Categoria 1,Zona económica exclusiva
1908266N13314,NA,CS,Unnamed,TS,1908,9,27,75,0,Huracan Categoria 1,Zona económica exclusiva
1908266N13314,NA,CS,Unnamed,TS,1908,9,27,75,0,Huracan Categoria 1,Zona económica exclusiva
1908266N13314,NA,CS,Unnamed,TS,1908,9,27,75,0,Huracan Categoria 1,Zona económica exclusiva
1916192N12308,NA,NA,Unnamed,TS,1916,7,15,75,0,Huracan Categoria 1,Zona económica exclusiva
1917263N13303,NA,CS,Unnamed,TS,1917,9,22,75,0,Huracan Categoria 1,Zona económica exclusiva
1932244N19296,NA,NA,Unnamed,TS,1932,9,3,75,0,Huracan Categoria 1,Zona económica exclusiva
1933206N14306,NA,NA,Unnamed,TS,1933,7,26,75,0,Huracan Categoria 1,Zona económica exclusiva
1935228N11304,NA,NA,Unnamed,TS,1935,8,19,75,0,Huracan Categoria 1,Zona económica exclusiva
1940252N15313,NA,NA,Unnamed,TS,1940,9,13,75,0,Huracan Categoria 1,Zona económica exclusiva
1947290N19297,NA,NA,Unnamed,TS,1947,10,18,75,986,Huracan Categoria 1,Zona económica exclusiva
1951224N12316,NA,CS,Charlie,TS,1951,8,17,75,0,Huracan Categoria 1,Zona económica exclusiva
1953258N19296,NA,NA,Edna,TS,1953,9,15,75,0,Huracan Categoria 1,Zona económica exclusiva
1955253N14319,NA,NA,Ione,TS,1955,9,16,75,0,Huracan Categoria 1,Zona económica exclusiva
1955253N14319,NA,NA,Ione,TS,1955,9,16,75,0,Huracan Categoria 1,Zona económica exclusiva
1956305N20285,NA,NA,Greta,TS,1956,11,4,75,0,Huracan Categoria 1,Zona económica exclusiva
1966233N13340,NA,NA,Faith,TS,1966,8,28,75,979,Huracan Categoria 1,Zona económica exclusiva
1985320N21296,NA,NA,Kate,TS,1985,11,17,75,983,Huracan Categoria 1,Zona económica exclusiva
1998232N15312,NA,NA,Bonnie,TS,1998,8,22,75,980,Huracan Categoria 1,Zona económica exclusiva
1999318N17278,NA,CS,Lenny,TS,1999,11,16,75,978,Huracan Categoria 1,Zona económica exclusiva
2008238N13293,NA,CS,Gustav,TS,2008,8,26,75,986,Huracan Categoria 1,Zona económica exclusiva
2019236N10314,NA,NA,Dorian,TS,2019,8,29,75,986,Huracan Categoria 1,Zona económica exclusiva
2019236N10314,NA,NA,Dorian,TS,2019,8,29,75,983,Huracan Categoria 1,Zona económica exclusiva
2024222N11327,NA,NA,Ernesto,TS,2024,8,15,75,977,Huracan Categoria 1,Zona económica exclusiva
1896243N14300,NA,NA,Unnamed,TS,1896,9,1,78,0,Huracan Categoria 1,Zona económica exclusiva
1916192N12308,NA,NA,Unnamed,TS,1916,7,15,78,0,Huracan Categoria 1,Zona económica exclusiva
1928221N12300,NA,CS,Unnamed,TS,1928,8,10,78,0,Huracan Categoria 1,Zona económica exclusiva
1951224N12316,NA,CS,Charlie,TS,1951,8,17,78,0,Huracan Categoria 1,Zona económica exclusiva
1965239N11310,NA,NA,Betsy,TS,1965,9,1,78,979,Huracan Categoria 1,Zona económica exclusiva
1967249N13303,NA,CS,Beulah,TS,1967,9,11,78,0,Huracan Categoria 1,Zona económica exclusiva
2008238N13293,NA,CS,Gustav,TS,2008,8,26,78,984,Huracan Categoria 1,Zona económica exclusiva
2019236N10314,NA,NA,Dorian,TS,2019,8,29,78,981,Huracan Categoria 1,Zona económica exclusiva
1852264N13309,NA,NA,Unnamed,TS,1852,9,25,80,0,Huracan Categoria 1,Zona económica exclusiva
1867209N18303,NA,NA,Unnamed,TS,1867,7,30,80,0,Huracan Categoria 1,Zona económica exclusiva
1878244N09306,NA,CS,Unnamed,TS,1878,9,3,80,0,Huracan Categoria 1,Zona económica exclusiva
1878244N09306,NA,CS,Unnamed,TS,1878,9,3,80,0,Huracan Categoria 1,Zona económica exclusiva
1878244N09306,NA,CS,Unnamed,TS,1878,9,3,80,0,Huracan Categoria 1,Zona económica exclusiva
1888239N13328,NA,NA,Unnamed,TS,1888,9,1,80,0,Huracan Categoria 1,Zona económica exclusiva
1896260N16306,NA,NA,Unnamed,TS,1896,9,20,80,0,Huracan Categoria 1,Zona económica exclusiva
1910248N17302,NA,CS,Unnamed,TS,1910,9,7,80,0,Huracan Categoria 1,Zona económica exclusiva
1917263N13303,NA,CS,Unnamed,TS,1917,9,22,80,0,Huracan Categoria 1,Zona económica exclusiva
1932244N19296,NA,NA,Unnamed,TS,1932,9,3,80,0,Huracan Categoria 1,Zona económica exclusiva
1939285N18298,NA,NA,Unnamed,TS,1939,10,14,80,0,Huracan Categoria 1,Zona económica exclusiva
1941277N21298,NA,NA,Unnamed,TS,1941,10,4,80,0,Huracan Categoria 1,Zona económica exclusiva
1947290N19297,NA,NA,Unnamed,TS,1947,10,18,80,981,Huracan Categoria 1,Zona económica exclusiva
1953258N19296,NA,NA,Edna,TS,1953,9,16,80,0,Huracan Categoria 1,Zona económica exclusiva
1956305N20285,NA,NA,Greta,TS,1956,11,4,80,0,Huracan Categoria 1,Zona económica exclusiva
1966233N13340,NA,NA,Faith,TS,1966,8,28,80,973,Huracan Categoria 1,Zona económica exclusiva
1985320N21296,NA,NA,Kate,TS,1985,11,17,80,977,Huracan Categoria 1,Zona económica exclusiva
1985320N21296,NA,NA,Kate,TS,1985,11,18,80,976,Huracan Categoria 1,Zona económica exclusiva
1995256N12309,NA,NA,Marilyn,TS,1995,9,17,80,967,Huracan Categoria 1,Zona económica exclusiva
1998232N15312,NA,NA,Bonnie,TS,1998,8,22,80,975,Huracan Categoria 1,Zona económica exclusiva
2008238N13293,NA,CS,Gustav,TS,2008,8,26,80,981,Huracan Categoria 1,Zona económica exclusiva
2022257N16312,NA,CS,Fiona,TS,2022,9,19,80,977,Huracan Categoria 1,Zona económica exclusiva
1896260N16306,NA,NA,Unnamed,TS,1896,9,20,83,0,Huracan Categoria 2,Zona económica exclusiva
1917263N13303,NA,CS,Unnamed,TS,1917,9,22,83,0,Huracan Categoria 2,Zona económica exclusiva
1940252N15313,NA,NA,Unnamed,TS,1940,9,13,83,0,Huracan Categoria 2,Zona económica exclusiva
1951224N12316,NA,CS,Charlie,TS,1951,8,17,83,0,Huracan Categoria 2,Zona económica exclusiva
1956305N20285,NA,NA,Greta,TS,1956,11,4,83,0,Huracan Categoria 2,Zona económica exclusiva
1995256N12309,NA,NA,Marilyn,TS,1995,9,17,83,966,Huracan Categoria 2,Zona económica exclusiva
1886224N11303,NA,CS,Unnamed,TS,1886,8,14,85,0,Huracan Categoria 2,Zona económica exclusiva
1888239N13328,NA,NA,Unnamed,TS,1888,9,2,85,0,Huracan Categoria 2,Zona económica exclusiva
1891229N11313,NA,NA,Unnamed,TS,1891,8,20,85,0,Huracan Categoria 2,Zona económica exclusiva
1891229N11313,NA,NA,Unnamed,TS,1891,8,21,85,0,Huracan Categoria 2,Zona económica exclusiva
1891229N11313,NA,NA,Unnamed,TS,1891,8,21,85,0,Huracan Categoria 2,Zona económica exclusiva
1891229N11313,NA,NA,Unnamed,TS,1891,8,22,85,0,Huracan Categoria 2,Zona económica exclusiva
1894284N11303,NA,NA,Unnamed,TS,1894,10,15,85,0,Huracan Categoria 2,Zona económica exclusiva
1896243N14300,NA,NA,Unnamed,TS,1896,9,2,85,0,Huracan Categoria 2,Zona económica exclusiva
1896260N16306,NA,NA,Unnamed,TS,1896,9,20,85,0,Huracan Categoria 2,Zona económica exclusiva
1896260N16306,NA,NA,Unnamed,TS,1896,9,21,85,0,Huracan Categoria 2,Zona económica exclusiva
1896260N16306,NA,NA,Unnamed,TS,1896,9,21,85,0,Huracan Categoria 2,Zona económica exclusiva
1926203N13304,NA,NA,Unnamed,TS,1926,7,24,85,0,Huracan Categoria 2,Zona económica exclusiva
1935228N11304,NA,NA,Unnamed,TS,1935,8,20,85,0,Huracan Categoria 2,Zona económica exclusiva
1940252N15313,NA,NA,Unnamed,TS,1940,9,13,85,0,Huracan Categoria 2,Zona económica exclusiva
1941277N21298,NA,NA,Unnamed,TS,1941,10,5,85,0,Huracan Categoria 2,Zona económica exclusiva
1943284N13300,NA,NA,Unnamed,TS,1943,10,15,85,0,Huracan Categoria 2,Zona económica exclusiva
1955288N13281,NA,CS,Katie,TS,1955,10,17,85,0,Huracan Categoria 2,Zona económica exclusiva
1956305N20285,NA,NA,Greta,TS,1956,11,4,85,0,Huracan Categoria 2,Zona económica exclusiva
1965239N11310,NA,NA,Betsy,TS,1965,9,2,85,970,Huracan Categoria 2,Zona económica exclusiva
1998232N15312,NA,NA,Bonnie,TS,1998,8,22,85,970,Huracan Categoria 2,Zona económica exclusiva
1999318N17278,NA,CS,Lenny,TS,1999,11,16,85,967,Huracan Categoria 2,Zona económica exclusiva
1888239N13328,NA,NA,Unnamed,TS,1888,9,2,88,0,Huracan Categoria 2,Zona económica exclusiva
1933243N18304,NA,NA,Unnamed,TS,1933,9,1,88,0,Huracan Categoria 2,Zona económica exclusiva
1943284N13300,NA,NA,Unnamed,TS,1943,10,15,88,0,Huracan Categoria 2,Zona económica exclusiva
1988253N12306,NA,CS,Gilbert,TS,1988,9,11,88,979,Huracan Categoria 2,Zona económica exclusiva
1998232N15312,NA,NA,Bonnie,TS,1998,8,22,88,966,Huracan Categoria 2,Zona económica exclusiva
1851228N13313,NA,CS,Unnamed,TS,1851,8,19,90,0,Huracan Categoria 2,Zona económica exclusiva
1865247N13318,NA,CS,Unnamed,TS,1865,9,8,90,0,Huracan Categoria 2,Zona económica exclusiva
1865247N13318,NA,CS,Unnamed,TS,1865,9,8,90,0,Huracan Categoria 2,Zona económica exclusiva
1866225N14298,NA,CS,Unnamed,TS,1866,8,14,90,0,Huracan Categoria 2,Zona económica exclusiva
1866225N14298,NA,CS,Unnamed,TS,1866,8,14,90,0,Huracan Categoria 2,Zona económica exclusiva
1870296N20288,NA,NA,Unnamed,TS,1870,10,23,90,0,Huracan Categoria 2,Zona económica exclusiva
1871229N11329,NA,NA,Unnamed,TS,1871,8,22,90,0,Huracan Categoria 2,Zona económica exclusiva
1871229N11329,NA,NA,Unnamed,TS,1871,8,23,90,0,Huracan Categoria 2,Zona económica exclusiva
1873269N13303,NA,CS,Unnamed,TS,1873,9,28,90,0,Huracan Categoria 2,Zona económica exclusiva
1875246N12333,NA,CS,Unnamed,TS,1875,9,11,90,0,Huracan Categoria 2,Zona económica exclusiva
1875246N12333,NA,CS,Unnamed,TS,1875,9,11,90,0,Huracan Categoria 2,Zona económica exclusiva
1875246N12333,NA,CS,Unnamed,TS,1875,9,11,90,0,Huracan Categoria 2,Zona económica exclusiva
1875246N12333,NA,CS,Unnamed,TS,1875,9,12,90,0,Huracan Categoria 2,Zona económica exclusiva
1888239N13328,NA,NA,Unnamed,TS,1888,9,2,90,0,Huracan Categoria 2,Zona económica exclusiva
1889244N12305,NA,NA,Unnamed,TS,1889,9,4,90,0,Huracan Categoria 2,Zona económica exclusiva
1889244N12305,NA,NA,Unnamed,TS,1889,9,4,90,0,Huracan Categoria 2,Zona económica exclusiva
1889244N12305,NA,NA,Unnamed,TS,1889,9,4,90,0,Huracan Categoria 2,Zona económica exclusiva
1889244N12305,NA,NA,Unnamed,TS,1889,9,5,90,0,Huracan Categoria 2,Zona económica exclusiva
1889244N12305,NA,NA,Unnamed,TS,1889,9,5,90,0,Huracan Categoria 2,Zona económica exclusiva
1909313N11279,NA,NA,Unnamed,TS,1909,11,13,90,0,Huracan Categoria 2,Zona económica exclusiva
1909313N11279,NA,NA,Unnamed,TS,1909,11,13,90,0,Huracan Categoria 2,Zona económica exclusiva
1915218N14334,NA,CS,Unnamed,TS,1915,8,12,90,0,Huracan Categoria 2,Zona económica exclusiva
1915218N14334,NA,CS,Unnamed,TS,1915,8,12,90,0,Huracan Categoria 2,Zona económica exclusiva
1916192N12308,NA,NA,Unnamed,TS,1916,7,16,90,0,Huracan Categoria 2,Zona económica exclusiva
1924239N14312,NA,NA,Unnamed,TS,1924,8,30,90,0,Huracan Categoria 2,Zona económica exclusiva
1924239N14312,NA,NA,Unnamed,TS,1924,8,30,90,0,Huracan Categoria 2,Zona económica exclusiva
1924239N14312,NA,NA,Unnamed,TS,1924,8,31,90,0,Huracan Categoria 2,Zona económica exclusiva
1924239N14312,NA,NA,Unnamed,TS,1924,8,31,90,0,Huracan Categoria 2,Zona económica exclusiva
1924239N14312,NA,NA,Unnamed,TS,1924,8,31,90,0,Huracan Categoria 2,Zona económica exclusiva
1924239N14312,NA,NA,Unnamed,TS,1924,8,31,90,0,Huracan Categoria 2,Zona económica exclusiva
1924239N14312,NA,NA,Unnamed,TS,1924,9,1,90,0,Huracan Categoria 2,Zona económica exclusiva
1924239N14312,NA,NA,Unnamed,TS,1924,9,1,90,0,Huracan Categoria 2,Zona económica exclusiva
1924239N14312,NA,NA,Unnamed,TS,1924,9,1,90,0,Huracan Categoria 2,Zona económica exclusiva
1924239N14312,NA,NA,Unnamed,TS,1924,9,1,90,0,Huracan Categoria 2,Zona económica exclusiva
1932269N17303,NA,CS,Unnamed,TS,1932,9,27,90,0,Huracan Categoria 2,Zona económica exclusiva
1935228N11304,NA,NA,Unnamed,TS,1935,8,20,90,0,Huracan Categoria 2,Zona económica exclusiva
1943284N13300,NA,NA,Unnamed,TS,1943,10,15,90,0,Huracan Categoria 2,Zona económica exclusiva
1944230N12301,NA,CS,Unnamed,TS,1944,8,18,90,0,Huracan Categoria 2,Zona económica exclusiva
1989254N13340,NA,NA,Hugo,TS,1989,9,19,90,962,Huracan Categoria 2,Zona económica exclusiva
1989254N13340,NA,NA,Hugo,TS,1989,9,19,90,964,Huracan Categoria 2,Zona económica exclusiva
1989254N13340,NA,NA,Hugo,TS,1989,9,19,90,966,Huracan Categoria 2,Zona económica exclusiva
1989254N13340,NA,NA,Hugo,TS,1989,9,20,90,957,Huracan Categoria 2,Zona económica exclusiva
1998232N15312,NA,NA,Bonnie,TS,1998,8,23,90,962,Huracan Categoria 2,Zona económica exclusiva
1955288N13281,NA,CS,Katie,TS,1955,10,17,91,0,Huracan Categoria 2,Zona económica exclusiva
1935228N11304,NA,NA,Unnamed,TS,1935,8,20,93,0,Huracan Categoria 2,Zona económica exclusiva
1996248N15319,NA,NA,Hortense,TS,1996,9,11,93,971,Huracan Categoria 2,Zona económica exclusiva
2019236N10314,NA,NA,Dorian,TS,2019,8,30,93,975,Huracan Categoria 2,Zona económica exclusiva
1921249N10320,NA,NA,Unnamed,TS,1921,9,12,95,0,Huracan Categoria 2,Zona económica exclusiva
1921249N10320,NA,NA,Unnamed,TS,1921,9,12,95,0,Huracan Categoria 2,Zona económica exclusiva
1921249N10320,NA,NA,Unnamed,TS,1921,9,12,95,0,Huracan Categoria 2,Zona económica exclusiva
1933243N18304,NA,NA,Unnamed,TS,1933,9,2,95,0,Huracan Categoria 2,Zona económica exclusiva
1939285N18298,NA,NA,Unnamed,TS,1939,10,14,95,0,Huracan Categoria 2,Zona económica exclusiva
1963272N09314,NA,NA,Flora,TS,1963,10,9,95,966,Huracan Categoria 2,Zona económica exclusiva
1966233N13340,NA,NA,Faith,TS,1966,8,28,95,962,Huracan Categoria 2,Zona económica exclusiva
1989254N13340,NA,NA,Hugo,TS,1989,9,19,95,961,Huracan Categoria 2,Zona económica exclusiva
1996187N10326,NA,NA,Bertha,TS,1996,7,9,95,966,Huracan Categoria 2,Zona económica exclusiva
2008245N17323,NA,NA,Ike,TS,2008,9,6,95,965,Huracan Categoria 2,Zona económica exclusiva
1933243N18304,NA,NA,Unnamed,TS,1933,9,2,98,0,Huracan Categoria 3,Zona económica exclusiva
1945255N19302,NA,NA,Unnamed,TS,1945,9,13,98,0,Huracan Categoria 3,Zona económica exclusiva
1966233N13340,NA,NA,Faith,TS,1966,8,28,98,960,Huracan Categoria 3,Zona económica exclusiva
1988253N12306,NA,CS,Gilbert,TS,1988,9,11,98,973,Huracan Categoria 3,Zona económica exclusiva
2008245N17323,NA,NA,Ike,TS,2008,9,6,98,965,Huracan Categoria 3,Zona económica exclusiva
1866264N11342,NA,NA,Unnamed,TS,1866,9,30,100,0,Huracan Categoria 3,Zona económica exclusiva
1866264N11342,NA,NA,Unnamed,TS,1866,9,30,100,0,Huracan Categoria 3,Zona económica exclusiva
1933243N18304,NA,NA,Unnamed,TS,1933,9,2,100,0,Huracan Categoria 3,Zona económica exclusiva
1945255N19302,NA,NA,Unnamed,TS,1945,9,13,100,0,Huracan Categoria 3,Zona económica exclusiva
1985260N13336,NA,NA,Gloria,TS,1985,9,24,100,952,Huracan Categoria 3,Zona económica exclusiva
1985260N13336,NA,NA,Gloria,TS,1985,9,24,100,950,Huracan Categoria 3,Zona económica exclusiva
1988253N12306,NA,CS,Gilbert,TS,1988,9,11,100,970,Huracan Categoria 3,Zona económica exclusiva
1995256N12309,NA,NA,Marilyn,TS,1995,9,17,100,949,Huracan Categoria 3,Zona económica exclusiva
1996187N10326,NA,NA,Bertha,TS,1996,7,9,100,963,Huracan Categoria 3,Zona económica exclusiva
1996248N15319,NA,NA,Hortense,TS,1996,9,12,100,967,Huracan Categoria 3,Zona económica exclusiva
2017260N12310,NA,NA,Maria,TS,2017,9,21,100,959,Huracan Categoria 3,Zona económica exclusiva
2022257N16312,NA,NA,Fiona,TS,2022,9,20,100,964,Huracan Categoria 3,Zona económica exclusiva
1944230N12301,NA,CS,Unnamed,TS,1944,8,19,103,0,Huracan Categoria 3,Zona económica exclusiva
1985260N13336,NA,NA,Gloria,TS,1985,9,24,103,943,Huracan Categoria 3,Zona económica exclusiva
2017247N09327,NA,NA,Jose,TS,2017,9,10,103,959,Huracan Categoria 3,Zona económica exclusiva
1893226N10310,NA,NA,Unnamed,TS,1893,8,18,105,0,Huracan Categoria 3,Zona económica exclusiva
1893226N10310,NA,NA,Unnamed,TS,1893,8,18,105,0,Huracan Categoria 3,Zona económica exclusiva
1893228N18340,NA,NA,Unnamed,TS,1893,8,24,105,0,Huracan Categoria 3,Zona económica exclusiva
1893228N18340,NA,NA,Unnamed,TS,1893,8,25,105,0,Huracan Categoria 3,Zona económica exclusiva
1893228N18340,NA,NA,Unnamed,TS,1893,8,25,105,0,Huracan Categoria 3,Zona económica exclusiva
1899246N13322,NA,NA,Unnamed,TS,1899,9,10,105,0,Huracan Categoria 3,Zona económica exclusiva
1899246N13322,NA,NA,Unnamed,TS,1899,9,10,105,0,Huracan Categoria 3,Zona económica exclusiva
1899246N13322,NA,NA,Unnamed,TS,1899,9,10,105,0,Huracan Categoria 3,Zona económica exclusiva
1899246N13322,NA,NA,Unnamed,TS,1899,9,10,105,0,Huracan Categoria 3,Zona económica exclusiva
1899246N13322,NA,NA,Unnamed,TS,1899,9,11,105,0,Huracan Categoria 3,Zona económica exclusiva
1903218N12318,NA,CS,Unnamed,TS,1903,8,10,105,0,Huracan Categoria 3,Zona económica exclusiva
1903218N12318,NA,CS,Unnamed,TS,1903,8,10,105,0,Huracan Categoria 3,Zona económica exclusiva
1906238N14339,NA,NA,Unnamed,TS,1906,9,3,105,0,Huracan Categoria 3,Zona económica exclusiva
1906238N14339,NA,NA,Unnamed,TS,1906,9,4,105,0,Huracan Categoria 3,Zona económica exclusiva
1922256N10313,NA,NA,Unnamed,TS,1922,9,17,105,0,Huracan Categoria 3,Zona económica exclusiva
1922256N10313,NA,NA,Unnamed,TS,1922,9,17,105,0,Huracan Categoria 3,Zona económica exclusiva
1922256N10313,NA,NA,Unnamed,TS,1922,9,18,105,0,Huracan Categoria 3,Zona económica exclusiva
1922256N10313,NA,NA,Unnamed,TS,1922,9,18,105,0,Huracan Categoria 3,Zona económica exclusiva
1922256N10313,NA,NA,Unnamed,TS,1922,9,18,105,0,Huracan Categoria 3,Zona económica exclusiva
1944230N12301,NA,CS,Unnamed,TS,1944,8,19,105,0,Huracan Categoria 3,Zona económica exclusiva
1965239N11310,NA,NA,Betsy,TS,1965,9,2,105,956,Huracan Categoria 3,Zona económica exclusiva
1988253N12306,NA,CS,Gilbert,TS,1988,9,12,105,964,Huracan Categoria 3,Zona económica exclusiva
2008245N17323,NA,NA,Ike,TS,2008,9,6,105,958,Huracan Categoria 3,Zona económica exclusiva
2017247N09327,NA,NA,Jose,TS,2017,9,10,105,956,Huracan Categoria 3,Zona económica exclusiva
1963272N09314,NA,CS,Flora,TS,1963,10,2,108,0,Huracan Categoria 3,Zona económica exclusiva
2010236N12341,NA,NA,Earl,TS,2010,9,1,108,941,Huracan Categoria 3,Zona económica exclusiva
1906238N14339,NA,NA,Unnamed,TS,1906,9,4,110,0,Huracan Categoria 3,Zona económica exclusiva
1906238N14339,NA,NA,Unnamed,TS,1906,9,4,110,0,Huracan Categoria 3,Zona económica exclusiva
1921249N10320,NA,CS,Unnamed,TS,1921,9,11,110,0,Huracan Categoria 3,Zona económica exclusiva
1933234N13335,NA,NA,Unnamed,TS,1933,8,30,110,0,Huracan Categoria 3,Zona económica exclusiva
1955215N15320,NA,NA,Connie,TS,1955,8,7,110,0,Huracan Categoria 3,Zona económica exclusiva
1967249N13303,NA,CS,Beulah,TS,1967,9,10,110,947,Huracan Categoria 3,Zona económica exclusiva
2010236N12341,NA,NA,Earl,TS,2010,9,1,110,940,Huracan Categoria 3,Zona económica exclusiva
2017247N09327,NA,NA,Jose,TS,2017,9,10,110,952,Huracan Categoria 3,Zona económica exclusiva
2017260N12310,NA,NA,Maria,TS,2017,9,22,110,959,Huracan Categoria 3,Zona económica exclusiva
2017260N12310,NA,NA,Maria,TS,2017,9,22,110,959,Huracan Categoria 3,Zona económica exclusiva
1947247N15340,NA,NA,Unnamed,TS,1947,9,13,113,0,Huracan Categoria 4,Zona económica exclusiva
1965239N11310,NA,NA,Betsy,TS,1965,9,2,113,949,Huracan Categoria 4,Zona económica exclusiva
2008245N17323,NA,NA,Ike,TS,2008,9,7,113,947,Huracan Categoria 4,Zona económica exclusiva
2014285N16305,NA,NA,Gonzalo,TS,2014,10,15,113,951,Huracan Categoria 4,Zona económica exclusiva
1906238N14339,NA,NA,Unnamed,TS,1906,9,5,115,0,Huracan Categoria 4,Zona económica exclusiva
1933234N13335,NA,NA,Unnamed,TS,1933,8,30,115,0,Huracan Categoria 4,Zona económica exclusiva
1955215N15320,NA,NA,Connie,TS,1955,8,7,115,952,Huracan Categoria 4,Zona económica exclusiva
1960243N10337,NA,NA,Donna,TS,1960,9,6,115,941,Huracan Categoria 4,Zona económica exclusiva
1963272N09314,NA,CS,Flora,TS,1963,10,3,115,0,Huracan Categoria 4,Zona económica exclusiva
1967249N13303,NA,CS,Beulah,TS,1967,9,10,115,945,Huracan Categoria 4,Zona económica exclusiva
1995241N11333,NA,NA,Luis,TS,1995,9,7,115,940,Huracan Categoria 4,Zona económica exclusiva
1999251N15314,NA,NA,Floyd,TS,1999,9,12,115,940,Huracan Categoria 4,Zona económica exclusiva
2008245N17323,NA,NA,Ike,TS,2008,9,6,115,949,Huracan Categoria 4,Zona económica exclusiva
2010236N12341,NA,NA,Earl,TS,2010,8,31,115,933,Huracan Categoria 4,Zona económica exclusiva
2010236N12341,NA,NA,Earl,TS,2010,8,31,115,938,Huracan Categoria 4,Zona económica exclusiva
2014285N16305,NA,NA,Gonzalo,TS,2014,10,15,115,956,Huracan Categoria 4,Zona económica exclusiva
2014285N16305,NA,NA,Gonzalo,TS,2014,10,15,115,953,Huracan Categoria 4,Zona económica exclusiva
2014285N16305,NA,NA,Gonzalo,TS,2014,10,15,115,949,Huracan Categoria 4,Zona económica exclusiva
1955215N15320,NA,NA,Connie,TS,1955,8,7,118,948,Huracan Categoria 4,Zona económica exclusiva
1965239N11310,NA,NA,Betsy,TS,1965,9,2,118,944,Huracan Categoria 4,Zona económica exclusiva
1926255N15314,NA,NA,Unnamed,TS,1926,9,16,120,0,Huracan Categoria 4,Zona económica exclusiva
1947247N15340,NA,NA,Unnamed,TS,1947,9,14,120,0,Huracan Categoria 4,Zona económica exclusiva
1955215N15320,NA,NA,Connie,TS,1955,8,7,120,0,Huracan Categoria 4,Zona económica exclusiva
1960243N10337,NA,NA,Donna,TS,1960,9,6,120,940,Huracan Categoria 4,Zona económica exclusiva
1960243N10337,NA,NA,Donna,TS,1960,9,6,120,940,Huracan Categoria 4,Zona económica exclusiva
1963272N09314,NA,CS,Flora,TS,1963,10,3,120,0,Huracan Categoria 4,Zona económica exclusiva
1999251N15314,NA,NA,Floyd,TS,1999,9,12,120,936,Huracan Categoria 4,Zona económica exclusiva
2004238N11325,NA,NA,Frances,TS,2004,9,1,120,939,Huracan Categoria 4,Zona económica exclusiva
2004238N11325,NA,NA,Frances,TS,2004,9,1,120,936,Huracan Categoria 4,Zona económica exclusiva
2004238N11325,NA,NA,Frances,TS,2004,9,1,120,939,Huracan Categoria 4,Zona económica exclusiva
2004238N11325,NA,NA,Frances,TS,2004,9,1,120,940,Huracan Categoria 4,Zona económica exclusiva
2007225N12331,NA,CS,Dean,TS,2007,8,19,120,921,Huracan Categoria 4,Zona económica exclusiva
1926255N15314,NA,NA,Unnamed,TS,1926,9,16,123,0,Huracan Categoria 4,Zona económica exclusiva
1960243N10337,NA,NA,Donna,TS,1960,9,6,123,936,Huracan Categoria 4,Zona económica exclusiva
1963272N09314,NA,CS,Flora,TS,1963,10,3,123,0,Huracan Categoria 4,Zona económica exclusiva
1928250N14343,NA,NA,Unnamed,TS,1928,9,14,125,0,Huracan Categoria 4,Zona económica exclusiva
1947247N15340,NA,NA,Unnamed,TS,1947,9,14,125,0,Huracan Categoria 4,Zona económica exclusiva
1960243N10337,NA,NA,Donna,TS,1960,9,7,125,932,Huracan Categoria 4,Zona económica exclusiva
1964234N13316,NA,CS,Cleo,TS,1964,8,23,125,0,Huracan Categoria 4,Zona económica exclusiva
1964234N13316,NA,CS,Cleo,TS,1964,8,24,125,0,Huracan Categoria 4,Zona económica exclusiva
1999251N15314,NA,NA,Floyd,TS,1999,9,13,125,931,Huracan Categoria 4,Zona económica exclusiva
1963272N09314,NA,CS,Flora,TS,1963,10,3,128,0,Huracan Categoria 4,Zona económica exclusiva
2004247N10332,NA,CS,Ivan,TS,2004,9,10,128,927,Huracan Categoria 4,Zona económica exclusiva
1926255N15314,NA,NA,Unnamed,TS,1926,9,16,130,0,Huracan Categoria 4,Zona económica exclusiva
1926255N15314,NA,NA,Unnamed,TS,1926,9,17,130,0,Huracan Categoria 4,Zona económica exclusiva
1963272N09314,NA,CS,Flora,TS,1963,10,3,130,933,Huracan Categoria 4,Zona económica exclusiva
1999251N15314,NA,NA,Floyd,TS,1999,9,13,130,927,Huracan Categoria 4,Zona económica exclusiva
2007225N12331,NA,CS,Dean,TS,2007,8,18,130,930,Huracan Categoria 4,Zona económica exclusiva
2024178N09335,NA,CS,Beryl,TS,2024,7,2,133,945,Huracan Categoria 4,Zona económica exclusiva
1999251N15314,NA,NA,Floyd,TS,1999,9,13,135,922,Huracan Categoria 4,Zona económica exclusiva
2024178N09335,NA,CS,Beryl,TS,2024,7,2,135,943,Huracan Categoria 4,Zona económica exclusiva
1966265N10325,NA,CS,Inez,TS,1966,9,29,140,928,Huracan Categoria 5,Zona económica exclusiva
1966265N10325,NA,CS,Inez,TS,1966,9,29,140,0,Huracan Categoria 5,Zona económica exclusiva
2024178N09335,NA,CS,Beryl,TS,2024,7,2,140,939,Huracan Categoria 5,Zona económica exclusiva
1979238N12324,NA,CS,David,TS,1979,8,31,145,928,Huracan Categoria 5,Zona económica exclusiva
1980214N11330,NA,CS,Allen,TS,1980,8,5,145,916,Huracan Categoria 5,Zona económica exclusiva
2017242N16333,NA,NA,Irma,TS,2017,9,7,145,921,Huracan Categoria 5,Zona económica exclusiva
1980214N11330,NA,CS,Allen,TS,1980,8,5,150,940,Huracan Categoria 5,Zona económica exclusiva
1980214N11330,NA,CS,Allen,TS,1980,8,5,155,932,Huracan Categoria 5,Zona económica exclusiva
1876231N14303,NA,NA,Unnamed,TS,1876,8,21,0,0,Depresión tropical,Zona terrestre
1878329N17310,NA,NA,Unnamed,TS,1878,12,2,0,0,Depresión tropical,Zona terrestre
1887280N18289,NA,NA,Unnamed,TS,1887,10,7,0,0,Depresión tropical,Zona terrestre
1910235N15298,NA,NA,Unnamed,TS,1910,8,24,35,0,Tormenta tropical,Zona terrestre
2023232N13300,NA,CS,Franklin,TS,2023,8,23,40,1005,Tormenta tropical,Zona terrestre
2003339N13284,NA,NA,Odette,TS,2003,12,7,45,997,Tormenta tropical,Zona terrestre
2020233N14313,NA,NA,Laura,TS,2020,8,23,45,1004,Tormenta tropical,Zona terrestre
1958257N17293,NA,CS,Gerda,TS,1958,9,14,50,1004,Tormenta tropical,Zona terrestre
1867300N19310,NA,NA,Unnamed,TS,1867,10,30,60,0,Tormenta tropical,Zona terrestre
1955288N13281,NA,NA,Katie,TS,1955,10,17,73,0,Huracan Categoria 1,Zona terrestre
1886224N11303,NA,NA,Unnamed,TS,1886,8,15,80,0,Huracan Categoria 1,Zona terrestre
1932269N17303,NA,NA,Unnamed,TS,1932,9,28,83,0,Huracan Categoria 2,Zona terrestre
1955288N13281,NA,CS,Katie,TS,1955,10,17,95,0,Huracan Categoria 2,Zona terrestre
1966265N10325,NA,CS,Inez,TS,1966,9,29,130,0,Huracan Categoria 4,Zona terrestre
1864283N18290,NA,NA,Unnamed,TS,1864,10,8,0,0,Depresión tropical,Zona terrestre
1867281N14301,NA,NA,Unnamed,TS,1867,10,10,0,0,Depresión tropical,Zona terrestre
1979197N13314,NA,NA,Claudette,TS,1979,7,19,20,1012,Depresión tropical,Zona terrestre
1900297N15296,NA,NA,Unnamed,TS,1900,10,25,30,0,Depresión tropical,Zona terrestre
1889231N17291,NA,NA,Unnamed,TS,1889,8,20,35,0,Tormenta tropical,Zona terrestre
2021222N14301,NA,NA,Fred,TS,2021,8,11,35,1006,Tormenta tropical,Zona terrestre
1900239N15318,NA,NA,Unnamed,TS,1900,9,2,40,0,Tormenta tropical,Zona terrestre
2008229N18293,NA,NA,Fay,TS,2008,8,16,40,1008,Tormenta tropical,Zona terrestre
1889231N17291,NA,NA,Unnamed,TS,1889,8,20,43,0,Tormenta tropical,Zona terrestre
1855236N12304,NA,NA,Unnamed,TS,1855,8,27,50,0,Tormenta tropical,Zona terrestre
1851228N13313,NA,NA,Unnamed,TS,1851,8,19,70,0,Huracan Categoria 1,Zona terrestre
1998259N10335,NA,NA,Georges,TS,1998,9,22,83,975,Huracan Categoria 2,Zona terrestre
1979238N12324,NA,NA,David,TS,1979,9,1,130,953,Huracan Categoria 4,Zona terrestre
1864283N18290,NA,NA,Unnamed,TS,1864,10,8,0,0,Depresión tropical,Zona terrestre
1865282N19289,NA,NA,Unnamed,TS,1865,10,8,0,0,Depresión tropical,Zona terrestre
1865282N19289,NA,NA,Unnamed,TS,1865,10,9,0,0,Depresión tropical,Zona terrestre
1868288N16291,NA,NA,Unnamed,TS,1868,10,14,0,0,Depresión tropical,Zona terrestre
1872280N18291,NA,NA,Unnamed,TS,1872,10,5,0,0,Depresión tropical,Zona terrestre
2024214N18298,NA,NA,Debby,DS,2024,8,1,20,1013,Depresión tropical,Zona terrestre
1889231N17291,NA,NA,Unnamed,TS,1889,8,20,30,0,Depresión tropical,Zona terrestre
1988235N15317,NA,NA,Chris,TS,1988,8,25,30,1008,Depresión tropical,Zona terrestre
1938220N18298,NA,NA,Unnamed,TS,1938,8,9,35,0,Tormenta tropical,Zona terrestre
1985280N18291,NA,NA,Isabel,TS,1985,10,7,38,1006,Tormenta tropical,Zona terrestre
2003339N13284,NA,NA,Odette,TS,2003,12,7,40,1000,Tormenta tropical,Zona terrestre
2007345N18298,NA,NA,Olga,TS,2007,12,12,45,1004,Tormenta tropical,Zona terrestre
1855236N12304,NA,NA,Unnamed,TS,1855,8,27,50,0,Tormenta tropical,Zona terrestre
1963267N11309,NA,NA,Edith,TS,1963,9,27,53,998,Tormenta tropical,Zona terrestre
1876254N15320,NA,NA,Unnamed,TS,1876,9,14,60,0,Tormenta tropical,Zona terrestre
1856235N13302,NA,NA,Unnamed,TS,1856,8,24,0,0,Depresión tropical,Zona terrestre
1861221N13316,NA,NA,Unnamed,TS,1861,8,13,0,0,Depresión tropical,Zona terrestre
1867281N14301,NA,NA,Unnamed,TS,1867,10,10,0,0,Depresión tropical,Zona terrestre
2024214N18298,NA,NA,Debby,DS,2024,8,1,20,1013,Depresión tropical,Zona terrestre
1935135N17292,NA,NA,Unnamed,TS,1935,5,15,30,0,Depresión tropical,Zona terrestre
2008229N18293,NA,NA,Fay,TS,2008,8,15,38,1009,Tormenta tropical,Zona terrestre
1979241N11335,NA,CS,Frederic,TS,1979,9,6,40,1005,Tormenta tropical,Zona terrestre
1852249N17296,NA,NA,Unnamed,TS,1852,9,6,55,0,Tormenta tropical,Zona terrestre
1916234N16300,NA,NA,Unnamed,TS,1916,8,23,60,0,Tormenta tropical,Zona terrestre
2004258N16300,NA,NA,Jeanne,TS,2004,9,16,63,989,Tormenta tropical,Zona terrestre
1998259N10335,NA,NA,Georges,TS,1998,9,22,95,970,Huracan Categoria 2,Zona terrestre
1976278N15321,NA,NA,Unnamed,TS,1976,10,12,20,0,Depresión tropical,Zona terrestre
1979197N13314,NA,NA,Claudette,TS,1979,7,19,20,1012,Depresión tropical,Zona terrestre
1934324N23299,NA,NA,Unnamed,TS,1934,11,29,25,0,Depresión tropical,Zona terrestre
1900297N15296,NA,NA,Unnamed,TS,1900,10,26,30,0,Depresión tropical,Zona terrestre
2021222N14301,NA,NA,Fred,TS,2021,8,11,33,1008,Depresión tropical,Zona terrestre
1901252N18309,NA,NA,Unnamed,TS,1901,9,13,35,0,Tormenta tropical,Zona terrestre
2008229N18293,NA,NA,Fay,TS,2008,8,16,40,1008,Tormenta tropical,Zona terrestre
1855236N12304,NA,NA,Unnamed,TS,1855,8,27,45,0,Tormenta tropical,Zona terrestre
1876254N15320,NA,NA,Unnamed,TS,1876,9,14,55,0,Tormenta tropical,Zona terrestre
1851228N13313,NA,NA,Unnamed,TS,1851,8,19,65,0,Huracan Categoria 1,Zona terrestre
1930241N13317,NA,NA,Unnamed,TS,1930,9,4,70,0,Huracan Categoria 1,Zona terrestre
1883247N14302,NA,NA,Unnamed,TS,1883,9,6,80,0,Huracan Categoria 1,Zona terrestre
1856235N13302,NA,NA,Unnamed,TS,1856,8,24,0,0,Depresión tropical,Zona terrestre
1867281N14301,NA,NA,Unnamed,TS,1867,10,10,0,0,Depresión tropical,Zona terrestre
1878329N17310,NA,NA,Unnamed,TS,1878,12,1,0,0,Depresión tropical,Zona terrestre
1979197N13314,NA,NA,Claudette,TS,1979,7,18,25,1012,Depresión tropical,Zona terrestre
2008229N18293,NA,CS,Fay,TS,2008,8,15,35,1009,Tormenta tropical,Zona terrestre
2008229N18293,NA,NA,Fay,TS,2008,8,15,35,1009,Tormenta tropical,Zona terrestre
1961273N16302,NA,NA,Frances,TS,1961,10,3,45,0,Tormenta tropical,Zona terrestre
1852249N17296,NA,NA,Unnamed,TS,1852,9,6,60,0,Tormenta tropical,Zona terrestre
1931252N15307,NA,NA,Unnamed,TS,1931,9,11,60,0,Tormenta tropical,Zona terrestre
2004258N16300,NA,NA,Jeanne,TS,2004,9,16,65,988,Huracan Categoria 1,Zona terrestre
1876254N15320,NA,NA,Unnamed,TS,1876,9,14,70,0,Huracan Categoria 1,Zona terrestre
2022257N16312,NA,NA,Fiona,TS,2022,9,19,75,980,Huracan Categoria 1,Zona terrestre
2022257N16312,NA,CS,Fiona,TS,2022,9,19,80,976,Huracan Categoria 1,Zona terrestre
1861221N13316,NA,NA,Unnamed,TS,1861,8,14,0,0,Depresión tropical,Zona terrestre
1864283N18290,NA,NA,Unnamed,TS,1864,10,9,0,0,Depresión tropical,Zona terrestre
1919246N16299,NA,NA,Unnamed,TS,1919,9,4,35,0,Tormenta tropical,Zona terrestre
1931244N19299,NA,NA,Unnamed,TS,1931,9,3,38,0,Tormenta tropical,Zona terrestre
2003339N13284,NA,NA,Odette,TS,2003,12,7,40,1002,Tormenta tropical,Zona terrestre
2004258N16300,NA,NA,Jeanne,TS,2004,9,17,53,990,Tormenta tropical,Zona terrestre
2004258N16300,NA,NA,Jeanne,TS,2004,9,17,55,990,Tormenta tropical,Zona terrestre
1896243N14300,NA,NA,Unnamed,TS,1896,9,2,85,0,Huracan Categoria 2,Zona terrestre
1861221N13316,NA,NA,Unnamed,TS,1861,8,14,0,0,Depresión tropical,Zona terrestre
1865282N19289,NA,NA,Unnamed,TS,1865,10,9,0,0,Depresión tropical,Zona terrestre
1865282N19289,NA,NA,Unnamed,TS,1865,10,9,0,0,Depresión tropical,Zona terrestre
1872280N18291,NA,NA,Unnamed,TS,1872,10,6,0,0,Depresión tropical,Zona terrestre
2024214N18298,NA,NA,Debby,DS,2024,8,1,23,1013,Depresión tropical,Zona terrestre
1889231N17291,NA,NA,Unnamed,TS,1889,8,20,30,0,Depresión tropical,Zona terrestre
1934324N23299,NA,NA,Unnamed,TS,1934,11,28,30,0,Depresión tropical,Zona terrestre
1919246N16299,NA,NA,Unnamed,TS,1919,9,4,35,0,Tormenta tropical,Zona terrestre
1979241N11335,NA,NA,Frederic,TS,1979,9,6,35,1005,Tormenta tropical,Zona terrestre
2023232N13300,NA,NA,Franklin,TS,2023,8,23,35,1004,Tormenta tropical,Zona terrestre
1852249N17296,NA,NA,Unnamed,TS,1852,9,6,45,0,Tormenta tropical,Zona terrestre
1955288N13281,NA,NA,Katie,TS,1955,10,17,50,0,Tormenta tropical,Zona terrestre
1975256N18306,NA,NA,Eloise,TS,1975,9,17,55,1000,Tormenta tropical,Zona terrestre
2020211N13306,NA,NA,Isaias,TS,2020,7,30,63,998,Tormenta tropical,Zona terrestre
1934324N23299,NA,NA,Unnamed,TS,1934,11,29,25,0,Depresión tropical,Zona terrestre
1988235N15317,NA,NA,Chris,TS,1988,8,25,30,1008,Depresión tropical,Zona terrestre
1889231N17291,NA,NA,Unnamed,TS,1889,8,20,33,0,Depresión tropical,Zona terrestre
1852249N17296,NA,NA,Unnamed,TS,1852,9,6,40,0,Tormenta tropical,Zona terrestre
1916234N16300,NA,NA,Unnamed,TS,1916,8,23,55,0,Tormenta tropical,Zona terrestre
